,text,favorited,favoriteCount,replyToSN,created,truncated,replyToSID,id,replyToUID,statusSource,screenName,retweetCount,isRetweet,retweeted,longitude,latitude
1,"Stocks making the biggest moves premarket: $GM $DG $SHLD $PVH $BOX $GES $BRKB $FB $APPL 

DISCUSSING the above &amp; ot… https://t.co/uMZq5XJxmG",FALSE,0,NA,5/31/2018 13:04,TRUE,NA,1.00217E+18,NA,"<a href=""http://twitter.com"" rel=""nofollow"">Twitter Web Client</a>",MissFitTrader,0,FALSE,FALSE,NA,NA
2,"Stocks making the biggest moves premarket: $GM, $DG, $SHLD, $PVH, $BOX, $GES, $BRKB $FB $APPL &amp; more

DISCUSSING th… https://t.co/U5WhR3bUAK",FALSE,1,NA,5/31/2018 12:35,TRUE,NA,1.00217E+18,NA,"<a href=""http://twitter.com"" rel=""nofollow"">Twitter Web Client</a>",mTradingCoach,0,FALSE,FALSE,NA,NA
3,Taking an $APPL entry if it can clear R1 at 188.05 on volume on the open https://t.co/RnY3YxgMO1,FALSE,0,NA,5/31/2018 12:11,FALSE,NA,1.00216E+18,NA,"<a href=""http://twitter.com"" rel=""nofollow"">Twitter Web Client</a>",xjlittle,0,FALSE,FALSE,NA,NA
4,RT @CarsPerforming: $AAGC IF YOU DON'T SEE WHATS COMING HERE THEN YOU DON'T KNOW HOW TO MAKE MONEY  $$$$$ #XRP #BTC #LTC #ETH #BCH $GOOG $T…,FALSE,0,NA,5/31/2018 11:36,FALSE,NA,1.00215E+18,NA,"<a href=""http://twitter.com/download/iphone"" rel=""nofollow"">Twitter for iPhone</a>",Need4orSpeed,18,TRUE,FALSE,NA,NA
5,RT @CarsPerforming: $AAGC IF YOU DON'T SEE WHATS COMING HERE THEN YOU DON'T KNOW HOW TO MAKE MONEY  $$$$$ #XRP #BTC #LTC #ETH #BCH $GOOG $T…,FALSE,0,NA,5/31/2018 9:59,FALSE,NA,1.00213E+18,NA,"<a href=""http://twitter.com/download/iphone"" rel=""nofollow"">Twitter for iPhone</a>",lt1z350,18,TRUE,FALSE,NA,NA
6,"$APPL is set at good buy point with upgrades..

https://t.co/V0gs05iHn0
U.S. jury awards Apple $539 million in Samsung patent retrial",FALSE,0,NA,5/31/2018 6:14,FALSE,NA,1.00207E+18,NA,"<a href=""http://twitter.com/download/android"" rel=""nofollow"">Twitter for Android</a>",Commonsense1926,0,FALSE,FALSE,NA,NA
7,"Portfolio management on #iPhone.
#ios #free #DAX $APPL @GridcoreRTs

https://t.co/gvX4977ffI",FALSE,0,NA,5/31/2018 5:58,FALSE,NA,1.00207E+18,NA,"<a href=""https://twitter.com/bitcommander"" rel=""nofollow"">tweetliker_bit</a>",bitcommander,0,FALSE,FALSE,NA,NA
8,RT @CarsPerforming: $AAGC IF YOU DON'T SEE WHATS COMING HERE THEN YOU DON'T KNOW HOW TO MAKE MONEY  $$$$$ #XRP #BTC #LTC #ETH #BCH $GOOG $T…,FALSE,0,NA,5/31/2018 3:55,FALSE,NA,1.00204E+18,NA,"<a href=""http://twitter.com/download/android"" rel=""nofollow"">Twitter for Android</a>",CarsPerforming,18,TRUE,FALSE,NA,NA
9,RT @CarsPerforming: $AAGC IF YOU DON'T SEE WHATS COMING HERE THEN YOU DON'T KNOW HOW TO MAKE MONEY  $$$$$ #XRP #BTC #LTC #ETH #BCH $GOOG $T…,FALSE,0,NA,5/31/2018 3:08,FALSE,NA,1.00202E+18,NA,"<a href=""http://twitter.com"" rel=""nofollow"">Twitter Web Client</a>",Jordan_Thorburn,18,TRUE,FALSE,NA,NA
10,RT @CarsPerforming: $AAGC IF YOU DON'T SEE WHATS COMING HERE THEN YOU DON'T KNOW HOW TO MAKE MONEY  $$$$$ #XRP #BTC #LTC #ETH #BCH $GOOG $T…,FALSE,0,NA,5/31/2018 3:00,FALSE,NA,1.00202E+18,NA,"<a href=""http://twitter.com/download/iphone"" rel=""nofollow"">Twitter for iPhone</a>",cabralvictor554,18,TRUE,FALSE,NA,NA
11,"price prediction ($QQQ) for Thursday (May 31, 2018)

I built an #AI-lite model to predict the daily prices of the… https://t.co/iBevsUEq57",FALSE,3,NA,5/31/2018 2:39,TRUE,NA,1.00202E+18,NA,"<a href=""http://twitter.com"" rel=""nofollow"">Twitter Web Client</a>",predictionmonk,0,FALSE,FALSE,NA,NA
12,RT @CarsPerforming: $AAGC IF YOU DON'T SEE WHATS COMING HERE THEN YOU DON'T KNOW HOW TO MAKE MONEY  $$$$$ #XRP #BTC #LTC #ETH #BCH $GOOG $T…,FALSE,0,NA,5/31/2018 2:16,FALSE,NA,1.00201E+18,NA,"<a href=""http://twitter.com/download/iphone"" rel=""nofollow"">Twitter for iPhone</a>",Jcazz17,18,TRUE,FALSE,NA,NA
13,RT @CarsPerforming: $AAGC IF YOU DON'T SEE WHATS COMING HERE THEN YOU DON'T KNOW HOW TO MAKE MONEY  $$$$$ #XRP #BTC #LTC #ETH #BCH $GOOG $T…,FALSE,0,NA,5/31/2018 2:14,FALSE,NA,1.00201E+18,NA,"<a href=""http://twitter.com/download/android"" rel=""nofollow"">Twitter for Android</a>",olcrow1835,18,TRUE,FALSE,NA,NA
14,"There’s A Free Stock Waiting For You!

Trade Stocks, Options, and Cryptocurrencies with NO fees, commissions, or su… https://t.co/H8pceenGRl",FALSE,0,NA,5/31/2018 2:00,TRUE,NA,1.00201E+18,NA,"<a href=""https://sqlforge.us/"" rel=""nofollow"">greatnlife</a>",greatnlife,0,FALSE,FALSE,NA,NA
15,RT @CarsPerforming: $AAGC IF YOU DON'T SEE WHATS COMING HERE THEN YOU DON'T KNOW HOW TO MAKE MONEY  $$$$$ #XRP #BTC #LTC #ETH #BCH $GOOG $T…,FALSE,0,NA,5/31/2018 1:25,FALSE,NA,1.002E+18,NA,"<a href=""http://twitter.com/download/android"" rel=""nofollow"">Twitter for Android</a>",dpennystock,18,TRUE,FALSE,NA,NA
16,RT @CarsPerforming: $AAGC IF YOU DON'T SEE WHATS COMING HERE THEN YOU DON'T KNOW HOW TO MAKE MONEY  $$$$$ #XRP #BTC #LTC #ETH #BCH $GOOG $T…,FALSE,0,NA,5/31/2018 1:06,FALSE,NA,1.00199E+18,NA,"<a href=""http://twitter.com/download/android"" rel=""nofollow"">Twitter for Android</a>",kelli_reeser,18,TRUE,FALSE,NA,NA
17,RT @CarsPerforming: $AAGC IF YOU DON'T SEE WHATS COMING HERE THEN YOU DON'T KNOW HOW TO MAKE MONEY  $$$$$ #XRP #BTC #LTC #ETH #BCH $GOOG $T…,FALSE,0,NA,5/31/2018 0:36,FALSE,NA,1.00199E+18,NA,"<a href=""http://twitter.com/download/iphone"" rel=""nofollow"">Twitter for iPhone</a>",stclineman,18,TRUE,FALSE,NA,NA
18,RT @CarsPerforming: $AAGC IF YOU DON'T SEE WHATS COMING HERE THEN YOU DON'T KNOW HOW TO MAKE MONEY  $$$$$ #XRP #BTC #LTC #ETH #BCH $GOOG $T…,FALSE,0,NA,5/31/2018 0:22,FALSE,NA,1.00198E+18,NA,"<a href=""http://twitter.com/download/android"" rel=""nofollow"">Twitter for Android</a>",Penniesgonewild,18,TRUE,FALSE,NA,NA
19,RT @CarsPerforming: $AAGC IF YOU DON'T SEE WHATS COMING HERE THEN YOU DON'T KNOW HOW TO MAKE MONEY  $$$$$ #XRP #BTC #LTC #ETH #BCH $GOOG $T…,FALSE,0,NA,5/31/2018 0:18,FALSE,NA,1.00198E+18,NA,"<a href=""http://twitter.com/download/android"" rel=""nofollow"">Twitter for Android</a>",JC_PennyStocks,18,TRUE,FALSE,NA,NA
20,RT @CarsPerforming: $AAGC IF YOU DON'T SEE WHATS COMING HERE THEN YOU DON'T KNOW HOW TO MAKE MONEY  $$$$$ #XRP #BTC #LTC #ETH #BCH $GOOG $T…,FALSE,0,NA,5/31/2018 0:17,FALSE,NA,1.00198E+18,NA,"<a href=""http://twitter.com/download/android"" rel=""nofollow"">Twitter for Android</a>",TrishKimbaris,18,TRUE,FALSE,NA,NA
21,RT @CarsPerforming: $AAGC IF YOU DON'T SEE WHATS COMING HERE THEN YOU DON'T KNOW HOW TO MAKE MONEY  $$$$$ #XRP #BTC #LTC #ETH #BCH $GOOG $T…,FALSE,0,NA,5/31/2018 0:15,FALSE,NA,1.00198E+18,NA,"<a href=""http://twitter.com"" rel=""nofollow"">Twitter Web Client</a>",TripZeroPlayerz,18,TRUE,FALSE,NA,NA
22,RT @CarsPerforming: $AAGC IF YOU DON'T SEE WHATS COMING HERE THEN YOU DON'T KNOW HOW TO MAKE MONEY  $$$$$ #XRP #BTC #LTC #ETH #BCH $GOOG $T…,FALSE,0,NA,5/30/2018 23:57,FALSE,NA,1.00198E+18,NA,"<a href=""http://twitter.com/download/iphone"" rel=""nofollow"">Twitter for iPhone</a>",7071kevin,18,TRUE,FALSE,NA,NA
23,$AAGC IF YOU DON'T SEE WHATS COMING HERE THEN YOU DON'T KNOW HOW TO MAKE MONEY  $$$$$ #XRP #BTC #LTC #ETH #BCH… https://t.co/LYNY5iykbZ,FALSE,19,NA,5/30/2018 23:54,TRUE,NA,1.00198E+18,NA,"<a href=""http://twitter.com/download/android"" rel=""nofollow"">Twitter for Android</a>",CarsPerforming,18,FALSE,FALSE,NA,NA
24,"If only someone (and/or something) could have told you this in advance...

#WednesdayWisdom #Finance #markets… https://t.co/idtA4xjXNS",FALSE,0,NA,5/30/2018 21:37,TRUE,NA,1.00194E+18,NA,"<a href=""http://twitter.com"" rel=""nofollow"">Twitter Web Client</a>",predictionmonk,0,FALSE,FALSE,NA,NA
25,@ijustine does more for $APPL then $APPL does for itself..she did a great video on how it works in different rooms. https://t.co/BFjEdHCvzu,FALSE,0,ijustine,5/30/2018 20:46,FALSE,NA,1.00193E+18,7846,"<a href=""http://twitter.com/download/iphone"" rel=""nofollow"">Twitter for iPhone</a>",coffeygrinds,0,FALSE,FALSE,NA,NA
26,"SUCCESS,COMPLETE: Last night, an #AI predicted the stockmarket ($QQQ). Today its predictions were completely succes… https://t.co/ZRxEARbJhA",FALSE,3,NA,5/30/2018 20:37,TRUE,NA,1.00193E+18,NA,"<a href=""http://twitter.com"" rel=""nofollow"">Twitter Web Client</a>",predictionmonk,0,FALSE,FALSE,NA,NA
27,$APPL sales have been slowing.  I have an idea.  Incorporate sensor in keyboard that senses alcohol/drugs that you'… https://t.co/xOl2lGu25m,FALSE,1,NA,5/30/2018 16:29,TRUE,NA,1.00186E+18,NA,"<a href=""http://twitter.com"" rel=""nofollow"">Twitter Web Client</a>",jhn6jun,0,FALSE,FALSE,NA,NA
28,"Update: despite the fears from yesterday, the market is displaying a neutral-to-bullish tendency overall.

This fit… https://t.co/XNVDHtXPO3",FALSE,0,NA,5/30/2018 16:23,TRUE,NA,1.00186E+18,NA,"<a href=""http://twitter.com"" rel=""nofollow"">Twitter Web Client</a>",predictionmonk,0,FALSE,FALSE,NA,NA
29,"@jonfortt Beltway Greg, shilling about $appl and owning stock since Aug. 1997.  @tim_cook",FALSE,0,jonfortt,5/30/2018 15:51,FALSE,1.00185E+18,1.00185E+18,26819104,"<a href=""http://twitter.com/download/iphone"" rel=""nofollow"">Twitter for iPhone</a>",BeltwayGreg,0,FALSE,FALSE,NA,NA
30,"RT @PENNIEStoSTACKS: $CMGO Possible $20,000,000 to $280,000,000 settlement May 31
https://t.co/FuBOAFESEs 
That may sound excessive, but U.…",FALSE,0,NA,5/30/2018 13:17,FALSE,NA,1.00181E+18,NA,"<a href=""https://mobile.twitter.com"" rel=""nofollow"">Twitter Lite</a>",DeplorableMan21,4,TRUE,FALSE,NA,NA
31,BREAKING:  Stocks making moves premarket on Wednesday..... $ABBV $DKS $OGEN $TXMD $CODX $STM $KORS $CRM $CHS $HPQ… https://t.co/nUQ5PnbmLv,FALSE,0,NA,5/30/2018 12:48,TRUE,NA,1.00181E+18,NA,"<a href=""http://twitter.com"" rel=""nofollow"">Twitter Web Client</a>",mstradingcoach,0,FALSE,FALSE,NA,NA
32,BREAKING:  Stocks making moves premarket on Wednesday..... $ABBV $DKS $OGEN $TXMD $CODX $STM $KORS $CRM $CHS $HPQ… https://t.co/nGYkenz0Jk,FALSE,0,NA,5/30/2018 12:47,TRUE,NA,1.00181E+18,NA,"<a href=""http://twitter.com"" rel=""nofollow"">Twitter Web Client</a>",TradingLibraryU,0,FALSE,FALSE,NA,NA
33,BREAKING:  Stocks making moves premarket on Wednesday..... $ABBV $DKS $OGEN $TXMD $CODX $STM $KORS $CRM $CHS $HPQ… https://t.co/R3OUkl4IBN,FALSE,0,NA,5/30/2018 12:46,TRUE,NA,1.00181E+18,NA,"<a href=""http://twitter.com"" rel=""nofollow"">Twitter Web Client</a>",mTradingCoach,0,FALSE,FALSE,NA,NA
34,"RT @ahier: Race to a trillion 
$APPL $MSFT $GOOG $AMZN

https://t.co/1mWgYABw2u https://t.co/AEFk85TRt4",FALSE,0,NA,5/30/2018 11:50,FALSE,NA,1.00179E+18,NA,"<a href=""http://twitter.com"" rel=""nofollow"">Twitter Web Client</a>",Ajoshuatech,9,TRUE,FALSE,NA,NA
35,#Finshed another https://t.co/Bs5UGDJnyE webinar... Grindin this out one day at a time. #market #stocks $APPL $AMZN $FB $TWTR,FALSE,1,NA,5/30/2018 8:12,FALSE,NA,1.00174E+18,NA,"<a href=""http://twitter.com"" rel=""nofollow"">Twitter Web Client</a>",Klicks2Trade,0,FALSE,FALSE,NA,NA
36,"RT @ahier: Race to a trillion 
$APPL $MSFT $GOOG $AMZN

https://t.co/1mWgYABw2u https://t.co/AEFk85TRt4",FALSE,0,NA,5/30/2018 4:26,FALSE,NA,1.00168E+18,NA,"<a href=""http://twitter.com/download/android"" rel=""nofollow"">Twitter for Android</a>",Johnny9904,9,TRUE,FALSE,NA,NA
37,"price prediction ($QQQ) for Wednesday (May 30, 2018)

I built an #AI-lite model to predict the daily prices of the… https://t.co/4oiGxuSWtM",FALSE,1,NA,5/30/2018 2:59,TRUE,NA,1.00166E+18,NA,"<a href=""http://twitter.com"" rel=""nofollow"">Twitter Web Client</a>",predictionmonk,0,FALSE,FALSE,NA,NA
38,"PTCers  $ARYC will produce a lot of Millionaires, Will you be one of them? 
#pennystocks $coho $appl $JBZY $SPCL… https://t.co/0itd861tKl",FALSE,1,NA,5/30/2018 1:32,TRUE,NA,1.00164E+18,NA,"<a href=""http://twitter.com"" rel=""nofollow"">Twitter Web Client</a>",BZstockss,0,FALSE,FALSE,NA,NA
39,"SUCCESS,MOSTLY: The market fulfilled predictions for the open, high, and close. It missed the low by a sizable amou… https://t.co/8RgVYwKfDA",FALSE,1,NA,5/30/2018 1:13,TRUE,NA,1.00163E+18,NA,"<a href=""http://twitter.com"" rel=""nofollow"">Twitter Web Client</a>",predictionmonk,0,FALSE,FALSE,NA,NA
40,"RT @ahier: Race to a trillion 
$APPL $MSFT $GOOG $AMZN

https://t.co/1mWgYABw2u https://t.co/AEFk85TRt4",FALSE,0,NA,5/30/2018 0:45,FALSE,NA,1.00163E+18,NA,"<a href=""http://twitter.com/download/iphone"" rel=""nofollow"">Twitter for iPhone</a>",AaronMiri,9,TRUE,FALSE,NA,NA
41,"RT @ahier: Race to a trillion 
$APPL $MSFT $GOOG $AMZN

https://t.co/1mWgYABw2u https://t.co/AEFk85TRt4",FALSE,0,NA,5/29/2018 21:12,FALSE,NA,1.00157E+18,NA,"<a href=""http://twitter.com/download/android"" rel=""nofollow"">Twitter for Android</a>",Raychan_16,9,TRUE,FALSE,NA,NA
42,"Apple will lay out its plans and priorities for the next year on Monday: Here's what to expect https://t.co/uy09ZzaEs3
#Apple #Mobile
$APPL",FALSE,0,NA,5/29/2018 20:55,FALSE,NA,1.00157E+18,NA,"<a href=""http://twitter.com"" rel=""nofollow"">Twitter Web Client</a>",Edgar_Villegas,0,FALSE,FALSE,NA,NA
43,"RT @ahier: Race to a trillion 
$APPL $MSFT $GOOG $AMZN

https://t.co/1mWgYABw2u https://t.co/AEFk85TRt4",FALSE,0,NA,5/29/2018 19:42,FALSE,NA,1.00155E+18,NA,"<a href=""http://twitter.com"" rel=""nofollow"">Twitter Web Client</a>",ahier,9,TRUE,FALSE,NA,NA
44,"RT @ahier: Race to a trillion 
$APPL $MSFT $GOOG $AMZN

https://t.co/1mWgYABw2u https://t.co/AEFk85TRt4",FALSE,0,NA,5/29/2018 16:26,FALSE,NA,1.0015E+18,NA,"<a href=""https://mobile.twitter.com"" rel=""nofollow"">Twitter Lite</a>",LeviLBall,9,TRUE,FALSE,NA,NA
45,"RT @ahier: Race to a trillion 
$APPL $MSFT $GOOG $AMZN

https://t.co/1mWgYABw2u https://t.co/AEFk85TRt4",FALSE,0,NA,5/29/2018 16:22,FALSE,NA,1.0015E+18,NA,"<a href=""http://twitter.com/download/android"" rel=""nofollow"">Twitter for Android</a>",Free_Style77,9,TRUE,FALSE,NA,NA
46,"RT @ahier: Race to a trillion 
$APPL $MSFT $GOOG $AMZN

https://t.co/1mWgYABw2u https://t.co/AEFk85TRt4",FALSE,0,NA,5/29/2018 15:47,FALSE,NA,1.00149E+18,NA,"<a href=""http://twitter.com"" rel=""nofollow"">Twitter Web Client</a>",HITpol,9,TRUE,FALSE,NA,NA
47,"Race to a trillion 
$APPL $MSFT $GOOG $AMZN

https://t.co/1mWgYABw2u https://t.co/AEFk85TRt4",FALSE,5,NA,5/29/2018 15:38,FALSE,NA,1.00149E+18,NA,"<a href=""http://bufferapp.com"" rel=""nofollow"">Buffer</a>",ahier,9,FALSE,FALSE,NA,NA
48,"For those who wants a good stock scanner.... try this deal from equityfeed!
14 days free trial  
<U+27A1><U+FE0F>… https://t.co/2GU2g8nNxO",FALSE,0,NA,5/29/2018 14:26,TRUE,NA,1.00147E+18,NA,"<a href=""http://twitter.com"" rel=""nofollow"">Twitter Web Client</a>",TheBull_Stocks,0,FALSE,FALSE,NA,NA
49,"$OLED up on apple new screen call. Why it is up, $APPL is developing its own OLED screen https://t.co/6LOnIkWYE6",FALSE,1,NA,5/29/2018 13:46,FALSE,NA,1.00146E+18,NA,"<a href=""http://twitter.com"" rel=""nofollow"">Twitter Web Client</a>",ntfri,0,FALSE,FALSE,NA,NA
50,"RT @pennystockpickz: $medh @MedX_Holdings filings coming per CEO 

Double bottom on chart nere previous heavy accumulation.  

$aagc $cype…",FALSE,0,NA,5/29/2018 12:52,FALSE,NA,1.00145E+18,NA,"<a href=""http://twitter.com"" rel=""nofollow"">Twitter Web Client</a>",yackwack2421,19,TRUE,FALSE,NA,NA
51,"For those who wants a good stock scanner.... try this deal from equityfeed!
TRY YOUR FREE 14 DAY TRIAL 
HERE <U+27A1><U+FE0F>… https://t.co/2AtwECgIe2",FALSE,0,NA,5/29/2018 11:51,TRUE,NA,1.00143E+18,NA,"<a href=""http://twitter.com"" rel=""nofollow"">Twitter Web Client</a>",TheBull_Stocks,0,FALSE,FALSE,NA,NA
52,"RT @DiscoveryStock: $medh Epic opportunity to load. Previous time we were at .028, it ran to .11 in seven days. Don't give away your shares…",FALSE,0,NA,5/29/2018 10:37,FALSE,NA,1.00141E+18,NA,"<a href=""http://twitter.com/download/iphone"" rel=""nofollow"">Twitter for iPhone</a>",dkaiser0509,4,TRUE,FALSE,NA,NA
53,"About 72 hours ago, a form of artificial intelligence predicted the stockmarket for tomorrow morning.

Her name is… https://t.co/7g9DAZl6jA",FALSE,2,NA,5/29/2018 4:25,TRUE,NA,1.00132E+18,NA,"<a href=""http://twitter.com"" rel=""nofollow"">Twitter Web Client</a>",predictionmonk,0,FALSE,FALSE,NA,NA
54,"This is big and great for $Apple.. $APPL

https://t.co/oGbrHlRBzC
How Apple Dethroned Intel As the World's Most Innovative Chipmaker",FALSE,1,NA,5/29/2018 4:04,FALSE,NA,1.00131E+18,NA,"<a href=""http://twitter.com/download/android"" rel=""nofollow"">Twitter for Android</a>",Commonsense1926,0,FALSE,FALSE,NA,NA
55,"RT @DiscoveryStock: $medh Epic opportunity to load. Previous time we were at .028, it ran to .11 in seven days. Don't give away your shares…",FALSE,0,NA,5/29/2018 0:51,FALSE,NA,1.00126E+18,NA,"<a href=""http://twitter.com/download/iphone"" rel=""nofollow"">Twitter for iPhone</a>",nwy2211,4,TRUE,FALSE,NA,NA
56,"For those who wants a good stock scanner.... try this deal from equityfeed!
TRY YOUR FREE 14 DAY TRIAL 
HERE <U+27A1><U+FE0F>… https://t.co/K6nkWrcqoX",FALSE,0,NA,5/28/2018 21:40,TRUE,NA,1.00122E+18,NA,"<a href=""http://twitter.com"" rel=""nofollow"">Twitter Web Client</a>",TheBull_Stocks,0,FALSE,FALSE,NA,NA
57,"RT @pennystockpickz: $medh @MedX_Holdings filings coming per CEO 

Double bottom on chart nere previous heavy accumulation.  

$aagc $cype…",FALSE,0,NA,5/28/2018 21:33,FALSE,NA,1.00121E+18,NA,"<a href=""http://twitter.com/download/iphone"" rel=""nofollow"">Twitter for iPhone</a>",Oducks123G,19,TRUE,FALSE,NA,NA
58,"RT @DiscoveryStock: $medh Epic opportunity to load. Previous time we were at .028, it ran to .11 in seven days. Don't give away your shares…",FALSE,0,NA,5/28/2018 17:21,FALSE,NA,1.00115E+18,NA,"<a href=""http://twitter.com/download/iphone"" rel=""nofollow"">Twitter for iPhone</a>",Jcazz17,4,TRUE,FALSE,NA,NA
59,"RT @pennystockpickz: $medh @MedX_Holdings filings coming per CEO 

Double bottom on chart nere previous heavy accumulation.  

$aagc $cype…",FALSE,0,NA,5/28/2018 16:27,FALSE,NA,1.00114E+18,NA,"<a href=""http://twitter.com"" rel=""nofollow"">Twitter Web Client</a>",cbailey113,19,TRUE,FALSE,NA,NA
60,"RT @pennystockpickz: $medh @MedX_Holdings filings coming per CEO 

Double bottom on chart nere previous heavy accumulation.  

$aagc $cype…",FALSE,0,NA,5/28/2018 16:17,FALSE,NA,1.00114E+18,NA,"<a href=""http://twitter.com/download/iphone"" rel=""nofollow"">Twitter for iPhone</a>",Slideandnod,19,TRUE,FALSE,NA,NA
61,"RT @pennystockpickz: $medh @MedX_Holdings filings coming per CEO 

Double bottom on chart nere previous heavy accumulation.  

$aagc $cype…",FALSE,0,NA,5/28/2018 15:35,FALSE,NA,1.00112E+18,NA,"<a href=""http://twitter.com/download/iphone"" rel=""nofollow"">Twitter for iPhone</a>",gone12,19,TRUE,FALSE,NA,NA
62,"RT @DiscoveryStock: $medh Epic opportunity to load. Previous time we were at .028, it ran to .11 in seven days. Don't give away your shares…",FALSE,0,NA,5/28/2018 15:25,FALSE,NA,1.00112E+18,NA,"<a href=""http://twitter.com/download/android"" rel=""nofollow"">Twitter for Android</a>",Duke__Flint,4,TRUE,FALSE,NA,NA
63,"$medh Epic opportunity to load. Previous time we were at .028, it ran to .11 in seven days. Don't give away your sh… https://t.co/4fNxbOdWN5",FALSE,11,NA,5/28/2018 15:20,TRUE,NA,1.00112E+18,NA,"<a href=""http://twitter.com"" rel=""nofollow"">Twitter Web Client</a>",DiscoveryStock,4,FALSE,FALSE,NA,NA
64,"Manage your portfolio on #iPhone. Full P&amp;L overview incl. dividends and fees.
$APPL $WMT #DowJones #free $GE… https://t.co/tyPJRGBY0g",FALSE,0,NA,5/28/2018 15:11,TRUE,NA,1.00112E+18,NA,"<a href=""https://twitter.com/bitcommander"" rel=""nofollow"">tweetliker_bit</a>",bitcommander,0,FALSE,FALSE,NA,NA
65,"RT @pennystockpickz: $medh @MedX_Holdings filings coming per CEO 

Double bottom on chart nere previous heavy accumulation.  

$aagc $cype…",FALSE,0,NA,5/28/2018 15:10,FALSE,NA,1.00112E+18,NA,"<a href=""http://twitter.com/download/iphone"" rel=""nofollow"">Twitter for iPhone</a>",manwolfofwallst,19,TRUE,FALSE,NA,NA
66,"RT @pennystockpickz: $medh @MedX_Holdings filings coming per CEO 

Double bottom on chart nere previous heavy accumulation.  

$aagc $cype…",FALSE,0,NA,5/28/2018 15:09,FALSE,NA,1.00112E+18,NA,"<a href=""http://twitter.com"" rel=""nofollow"">Twitter Web Client</a>",DiscoveryStock,19,TRUE,FALSE,NA,NA
67,"RT @pennystockpickz: $medh @MedX_Holdings filings coming per CEO 

Double bottom on chart nere previous heavy accumulation.  

$aagc $cype…",FALSE,0,NA,5/28/2018 14:52,FALSE,NA,1.00111E+18,NA,"<a href=""http://twitter.com/download/iphone"" rel=""nofollow"">Twitter for iPhone</a>",nomoremetal,19,TRUE,FALSE,NA,NA
68,"RT @pennystockpickz: $medh @MedX_Holdings filings coming per CEO 

Double bottom on chart nere previous heavy accumulation.  

$aagc $cype…",FALSE,0,NA,5/28/2018 14:46,FALSE,NA,1.00111E+18,NA,"<a href=""http://twitter.com/download/android"" rel=""nofollow"">Twitter for Android</a>",BPR112,19,TRUE,FALSE,NA,NA
69,"RT @PSTClub1: <ed><U+00A0><U+00BD><ed><U+00B2><U+00A5>WOW<ed><U+00A0><U+00BD><ed><U+00B2><U+00A5> The allergy test kits are rolling in Grab theses $ARYC cheap share before its to late! <ed><U+00A0><U+00BD><ed><U+00B2><U+00A5><ed><U+00A0><U+00BD><ed><U+00B2><U+00A5><ed><U+00A0><U+00BD><ed><U+00B2><U+00B0><ed><U+00A0><U+00BD><ed><U+00B2><U+00B0><ed><U+00A0><U+00BD><ed><U+00B2><U+00B0>
#pennystocks $coho $appl $…",FALSE,0,NA,5/28/2018 14:38,FALSE,NA,1.00111E+18,NA,"<a href=""http://twitter.com/download/iphone"" rel=""nofollow"">Twitter for iPhone</a>",amazingdog,3,TRUE,FALSE,NA,NA
70,"RT @PSTClub1: <ed><U+00A0><U+00BD><ed><U+00B2><U+00A5>WOW<ed><U+00A0><U+00BD><ed><U+00B2><U+00A5> The allergy test kits are rolling in Grab theses $ARYC cheap share before its to late! <ed><U+00A0><U+00BD><ed><U+00B2><U+00A5><ed><U+00A0><U+00BD><ed><U+00B2><U+00A5><ed><U+00A0><U+00BD><ed><U+00B2><U+00B0><ed><U+00A0><U+00BD><ed><U+00B2><U+00B0><ed><U+00A0><U+00BD><ed><U+00B2><U+00B0>
#pennystocks $coho $appl $…",FALSE,0,NA,5/28/2018 14:37,FALSE,NA,1.00111E+18,NA,"<a href=""http://twitter.com/download/iphone"" rel=""nofollow"">Twitter for iPhone</a>",thoseamazingdog,3,TRUE,FALSE,NA,NA
71,"RT @pennystockpickz: $medh @MedX_Holdings filings coming per CEO 

Double bottom on chart nere previous heavy accumulation.  

$aagc $cype…",FALSE,0,NA,5/28/2018 14:30,FALSE,NA,1.00111E+18,NA,"<a href=""http://twitter.com/download/iphone"" rel=""nofollow"">Twitter for iPhone</a>",7071kevin,19,TRUE,FALSE,NA,NA
72,"RT @pennystockpickz: $medh @MedX_Holdings filings coming per CEO 

Double bottom on chart nere previous heavy accumulation.  

$aagc $cype…",FALSE,0,NA,5/28/2018 14:26,FALSE,NA,1.00111E+18,NA,"<a href=""http://twitter.com/download/iphone"" rel=""nofollow"">Twitter for iPhone</a>",Jcazz17,19,TRUE,FALSE,NA,NA
73,"RT @pennystockpickz: $medh @MedX_Holdings filings coming per CEO 

Double bottom on chart nere previous heavy accumulation.  

$aagc $cype…",FALSE,0,NA,5/28/2018 14:25,FALSE,NA,1.00111E+18,NA,"<a href=""http://twitter.com/download/android"" rel=""nofollow"">Twitter for Android</a>",Duke__Flint,19,TRUE,FALSE,NA,NA
74,"RT @pennystockpickz: $medh @MedX_Holdings filings coming per CEO 

Double bottom on chart nere previous heavy accumulation.  

$aagc $cype…",FALSE,0,NA,5/28/2018 14:22,FALSE,NA,1.00111E+18,NA,"<a href=""http://twitter.com/download/iphone"" rel=""nofollow"">Twitter for iPhone</a>",TheSavageBlock,19,TRUE,FALSE,NA,NA
75,"RT @pennystockpickz: $medh @MedX_Holdings filings coming per CEO 

Double bottom on chart nere previous heavy accumulation.  

$aagc $cype…",FALSE,0,NA,5/28/2018 14:15,FALSE,NA,1.0011E+18,NA,"<a href=""http://twitter.com/download/android"" rel=""nofollow"">Twitter for Android</a>",brotherchris08,19,TRUE,FALSE,NA,NA
76,"RT @pennystockpickz: $medh @MedX_Holdings filings coming per CEO 

Double bottom on chart nere previous heavy accumulation.  

$aagc $cype…",FALSE,0,NA,5/28/2018 14:14,FALSE,NA,1.0011E+18,NA,"<a href=""http://twitter.com/download/iphone"" rel=""nofollow"">Twitter for iPhone</a>",shannon22141720,19,TRUE,FALSE,NA,NA
77,"RT @pennystockpickz: $medh @MedX_Holdings filings coming per CEO 

Double bottom on chart nere previous heavy accumulation.  

$aagc $cype…",FALSE,0,NA,5/28/2018 14:12,FALSE,NA,1.0011E+18,NA,"<a href=""http://twitter.com/download/iphone"" rel=""nofollow"">Twitter for iPhone</a>",reemwiththestok,19,TRUE,FALSE,NA,NA
78,"RT @pennystockpickz: $medh @MedX_Holdings filings coming per CEO 

Double bottom on chart nere previous heavy accumulation.  

$aagc $cype…",FALSE,0,NA,5/28/2018 14:11,FALSE,NA,1.0011E+18,NA,"<a href=""http://twitter.com/download/android"" rel=""nofollow"">Twitter for Android</a>",Cryptomomos,19,TRUE,FALSE,NA,NA
79,"RT @pennystockpickz: $medh @MedX_Holdings filings coming per CEO 

Double bottom on chart nere previous heavy accumulation.  

$aagc $cype…",FALSE,0,NA,5/28/2018 14:08,FALSE,NA,1.0011E+18,NA,"<a href=""http://twitter.com/download/android"" rel=""nofollow"">Twitter for Android</a>",poisin_preya,19,TRUE,FALSE,NA,NA
80,"$medh @MedX_Holdings filings coming per CEO 

Double bottom on chart nere previous heavy accumulation.  

$aagc… https://t.co/cfHjHcXsjC",FALSE,20,NA,5/28/2018 14:07,TRUE,NA,1.0011E+18,NA,"<a href=""http://twitter.com/download/android"" rel=""nofollow"">Twitter for Android</a>",pennystockpickz,19,FALSE,FALSE,NA,NA
81,@Wilbur31345 wow. U are an $appl hater. Bold predictions. Right for minutes. Seconds. Then. It goes up. Bottom left to top right.,FALSE,0,NA,5/28/2018 11:41,FALSE,NA,1.00107E+18,NA,"<a href=""http://stocktwits.com"" rel=""nofollow"">StockTwits Web</a>",barrymick,0,FALSE,FALSE,NA,NA
82,Compare the #equity #performance of #Apple $appl #Facebook $fb #Amazon $amzn #Microsoft $MSFT #Alphabet $GOOGL agai… https://t.co/VcCqf6jMLm,FALSE,1,NA,5/28/2018 11:41,TRUE,NA,1.00107E+18,NA,"<a href=""http://twitter.com"" rel=""nofollow"">Twitter Web Client</a>",HuteauThierry,0,FALSE,FALSE,NA,NA
83,"RT @predictionmonk: It's #SundayMorning and we have an #AI-based prediction for the #stockmarket on Tuesday.

Yes,… https://t.co/6yewFU3wc2",FALSE,0,NA,5/27/2018 17:09,TRUE,NA,1.00079E+18,NA,"<a href=""https://ifttt.com"" rel=""nofollow"">IFTTT</a>",ZuzuDotAI,0,FALSE,FALSE,NA,NA
84,"It's #SundayMorning and we have an #AI-based prediction for the #stockmarket on Tuesday.

Yes, Tuesday.

(… https://t.co/CvnChKNrmc",FALSE,1,NA,5/27/2018 17:08,TRUE,NA,1.00079E+18,NA,"<a href=""http://twitter.com"" rel=""nofollow"">Twitter Web Client</a>",predictionmonk,0,FALSE,FALSE,NA,NA
85,"RT @PENNIEStoSTACKS: $CMGO Possible $20,000,000 to $280,000,000 settlement May 31
https://t.co/FuBOAFESEs 
That may sound excessive, but U.…",FALSE,0,NA,5/27/2018 11:27,FALSE,NA,1.0007E+18,NA,"<a href=""http://twitter.com/download/iphone"" rel=""nofollow"">Twitter for iPhone</a>",Jordan_Thorburn,4,TRUE,FALSE,NA,NA
86,"RT @PENNIEStoSTACKS: $CMGO Possible $20,000,000 to $280,000,000 settlement May 31
https://t.co/FuBOAFESEs 
That may sound excessive, but U.…",FALSE,0,NA,5/27/2018 4:02,FALSE,NA,1.00059E+18,NA,"<a href=""http://twitter.com/download/iphone"" rel=""nofollow"">Twitter for iPhone</a>",otcbillionaire,4,TRUE,FALSE,NA,NA
87,"RT @PENNIEStoSTACKS: $CMGO Possible $20,000,000 to $280,000,000 settlement May 31
https://t.co/FuBOAFESEs 
That may sound excessive, but U.…",FALSE,0,NA,5/27/2018 1:51,FALSE,NA,1.00056E+18,NA,"<a href=""http://twitter.com/download/android"" rel=""nofollow"">Twitter for Android</a>",Tiffanysbrown3,4,TRUE,FALSE,NA,NA
88,"$CMGO Possible $20,000,000 to $280,000,000 settlement May 31
https://t.co/FuBOAFESEs 
That may sound excessive, but… https://t.co/2YWEob3qf3",FALSE,6,NA,5/27/2018 0:35,TRUE,NA,1.00054E+18,NA,"<a href=""http://twitter.com"" rel=""nofollow"">Twitter Web Client</a>",PENNIEStoSTACKS,4,FALSE,FALSE,NA,NA
89,"Fun fact: If you had invested $1000 in $APPL in 2014 (4 years ago), today would be: $2440. If you had invested in… https://t.co/LGS7WgFFs1",FALSE,5,NA,5/26/2018 22:55,TRUE,NA,1.00051E+18,NA,"<a href=""http://twitter.com/download/iphone"" rel=""nofollow"">Twitter for iPhone</a>",CamachoCrypto,0,FALSE,FALSE,NA,NA
90,"Manage your portfolio on #iPhone. Full P&amp;L overview incl. dividends and fees.
$APPL $FB $WMT #DAX #stocks @FlyRts

https://t.co/gvX4977ffI",FALSE,0,NA,5/26/2018 22:48,FALSE,NA,1.00051E+18,NA,"<a href=""https://twitter.com/bitcommander"" rel=""nofollow"">tweetliker_bit</a>",bitcommander,0,FALSE,FALSE,NA,NA
91,Great question Melissa. I know for a fact that several whales were loading in the 0023-0026 range so IMO I believe… https://t.co/164OjNQCuX,FALSE,2,NA,5/26/2018 16:40,TRUE,NA,1.00042E+18,NA,"<a href=""https://mobile.twitter.com"" rel=""nofollow"">Twitter Lite</a>",Vipervenom1981,2,FALSE,FALSE,NA,NA
92,"#legalizedgambling is going to catapult $bysd into copper . And then on to a #uplist 
$siri $kshb $appl $amzn $ldsr… https://t.co/NdfiGwSYFZ",FALSE,1,NA,5/26/2018 16:32,TRUE,NA,1.00041E+18,NA,"<a href=""https://mobile.twitter.com"" rel=""nofollow"">Twitter Lite</a>",Vipervenom1981,0,FALSE,FALSE,NA,NA
93,"price prediction ($QQQ) for Tuesday (May 29, 2018)

I built an #AI-lite model to predict the daily prices of the… https://t.co/0z6glaciyi",FALSE,5,NA,5/26/2018 3:02,TRUE,NA,1.00021E+18,NA,"<a href=""http://twitter.com"" rel=""nofollow"">Twitter Web Client</a>",predictionmonk,1,FALSE,FALSE,NA,NA
94,"RT @PSTClub1: PTCers  $ARYC will produce a lot of Millionaires, Will you be one of them? <ed><U+00A0><U+00BD><ed><U+00B2><U+00A5><ed><U+00A0><U+00BD><ed><U+00B2><U+00B0><ed><U+00A0><U+00BD><ed><U+00B2><U+00A5>
#pennystocks $coho $appl $JBZY $SPCL $VAPE $VA…",FALSE,0,NA,5/26/2018 1:39,FALSE,NA,1.00019E+18,NA,"<a href=""http://twitter.com/download/iphone"" rel=""nofollow"">Twitter for iPhone</a>",PSTClub1,1,TRUE,FALSE,NA,NA
95,"RT @PSTClub1: <ed><U+00A0><U+00BD><ed><U+00B2><U+00A5>WOW<ed><U+00A0><U+00BD><ed><U+00B2><U+00A5> The allergy test kits are rolling in Grab theses $ARYC cheap share before its to late! 
#pennystocks $coho $appl $JBZY…",FALSE,0,NA,5/26/2018 0:46,FALSE,NA,1.00018E+18,NA,"<a href=""http://twitter.com/download/android"" rel=""nofollow"">Twitter for Android</a>",RichRayDay,1,TRUE,FALSE,NA,NA
96,"RT @PSTClub1: <ed><U+00A0><U+00BD><ed><U+00B2><U+00A5>WOW<ed><U+00A0><U+00BD><ed><U+00B2><U+00A5> Grab theses cheap share of $ARYC before its to late! You wont regret it <ed><U+00A0><U+00BD><ed><U+00B2><U+00A5>
#pennystocks $coho $appl $JBZY $SPCL $VAPE $V…",FALSE,0,NA,5/26/2018 0:46,FALSE,NA,1.00018E+18,NA,"<a href=""http://twitter.com/download/android"" rel=""nofollow"">Twitter for Android</a>",RichRayDay,1,TRUE,FALSE,NA,NA
97,"RT @PSTClub1: <ed><U+00A0><U+00BD><ed><U+00B2><U+00A5>WOW<ed><U+00A0><U+00BD><ed><U+00B2><U+00A5> Grab theses cheap share of $ARYC before its to late! You wont regret it <ed><U+00A0><U+00BD><ed><U+00B2><U+00A5>
#pennystocks $coho $appl $JBZY $SPCL $VAPE $V…",FALSE,0,NA,5/26/2018 0:11,FALSE,NA,1.00017E+18,NA,"<a href=""http://twitter.com/download/iphone"" rel=""nofollow"">Twitter for iPhone</a>",M333komail,1,TRUE,FALSE,NA,NA
98,"PTCers  $ARYC will produce a lot of Millionaires, Will you be one of them? <ed><U+00A0><U+00BD><ed><U+00B2><U+00A5><ed><U+00A0><U+00BD><ed><U+00B2><U+00B0><ed><U+00A0><U+00BD><ed><U+00B2><U+00A5>
#pennystocks $coho $appl $JBZY $SPCL… https://t.co/MTIxbDAyBx",FALSE,8,NA,5/25/2018 22:29,TRUE,NA,1.00014E+18,NA,"<a href=""http://twitter.com"" rel=""nofollow"">Twitter Web Client</a>",PSTClub1,1,FALSE,FALSE,NA,NA
99,"<ed><U+00A0><U+00BD><ed><U+00B2><U+00A5>THIS IS HUGE<ed><U+00A0><U+00BD><ed><U+00B2><U+00A5> $ARYC is going to <ed><U+00A0><U+00BD><ed><U+00B2><U+00A5>EXPLODED<ed><U+00A0><U+00BD><ed><U+00B2><U+00A5>
#pennystocks $coho $appl $JBZY $SPCL $VAPE $VATE $AMFE $AXXA $FNMA https://t.co/Eco4G5x0JD",FALSE,4,NA,5/25/2018 22:23,FALSE,NA,1.00014E+18,NA,"<a href=""http://twitter.com"" rel=""nofollow"">Twitter Web Client</a>",PSTClub1,1,FALSE,FALSE,NA,NA
100,<ed><U+00A0><U+00BD><ed><U+00B2><U+00A5>BAM<ed><U+00A0><U+00BD><ed><U+00B2><U+00A5> Get the word out $ARYC is going to <ed><U+00A0><U+00BD><ed><U+00B2><U+00A5>Explode <ed><U+00A0><U+00BD><ed><U+00B2><U+00A5>                         Grab these cheap shares before its to l… https://t.co/oQNLGuzDuY,FALSE,4,NA,5/25/2018 22:21,TRUE,NA,1.00014E+18,NA,"<a href=""http://www.facebook.com/twitter"" rel=""nofollow"">Facebook</a>",PSTClub1,1,FALSE,FALSE,NA,NA
101,<ed><U+00A0><U+00BD><ed><U+00B2><U+00A5>BAM<ed><U+00A0><U+00BD><ed><U+00B2><U+00A5> Get the word out $ARYC is going to <ed><U+00A0><U+00BD><ed><U+00B2><U+00A5>Explode <ed><U+00A0><U+00BD><ed><U+00B2><U+00A5>                         Grab these cheap shares before its to l… https://t.co/2mFglkPrFo,FALSE,1,NA,5/25/2018 22:21,TRUE,NA,1.00014E+18,NA,"<a href=""http://twitter.com"" rel=""nofollow"">Twitter Web Client</a>",PSTClub1,1,FALSE,FALSE,NA,NA
102,"<ed><U+00A0><U+00BD><ed><U+00B2><U+00A5>BOOM<ed><U+00A0><U+00BD><ed><U+00B2><U+00A5> The allergy test kits are rolling in Grab theses $ARYC cheap share before its to late! 
#pennystocks $coho… https://t.co/ABitk7q65V",FALSE,3,NA,5/25/2018 22:19,TRUE,NA,1.00014E+18,NA,"<a href=""http://www.facebook.com/twitter"" rel=""nofollow"">Facebook</a>",PSTClub1,1,FALSE,FALSE,NA,NA
103,"<ed><U+00A0><U+00BD><ed><U+00B2><U+00A5>BOOM<ed><U+00A0><U+00BD><ed><U+00B2><U+00A5> The allergy test kits are rolling in Grab theses $ARYC cheap share before its to late! 
#pennystocks $coho… https://t.co/VYoZ9WdH21",FALSE,1,NA,5/25/2018 22:19,TRUE,NA,1.00014E+18,NA,"<a href=""http://twitter.com"" rel=""nofollow"">Twitter Web Client</a>",PSTClub1,1,FALSE,FALSE,NA,NA
104,"<ed><U+00A0><U+00BD><ed><U+00B2><U+00A5>WOW<ed><U+00A0><U+00BD><ed><U+00B2><U+00A5> The allergy test kits are rolling in Grab theses $ARYC cheap share before its to late! <ed><U+00A0><U+00BD><ed><U+00B2><U+00A5><ed><U+00A0><U+00BD><ed><U+00B2><U+00A5><ed><U+00A0><U+00BD><ed><U+00B2><U+00B0><ed><U+00A0><U+00BD><ed><U+00B2><U+00B0><ed><U+00A0><U+00BD><ed><U+00B2><U+00B0>
#pennystocks… https://t.co/oNnsjitGrl",FALSE,3,NA,5/25/2018 22:19,TRUE,NA,1.00014E+18,NA,"<a href=""http://www.facebook.com/twitter"" rel=""nofollow"">Facebook</a>",PSTClub1,3,FALSE,FALSE,NA,NA
105,"<ed><U+00A0><U+00BD><ed><U+00B2><U+00A5>WOW<ed><U+00A0><U+00BD><ed><U+00B2><U+00A5> The allergy test kits are rolling in Grab theses $ARYC cheap share before its to late! <ed><U+00A0><U+00BD><ed><U+00B2><U+00A5><ed><U+00A0><U+00BD><ed><U+00B2><U+00A5><ed><U+00A0><U+00BD><ed><U+00B2><U+00B0><ed><U+00A0><U+00BD><ed><U+00B2><U+00B0><ed><U+00A0><U+00BD><ed><U+00B2><U+00B0>
#pennystocks… https://t.co/OwkbYfyzux",FALSE,1,NA,5/25/2018 22:18,TRUE,NA,1.00014E+18,NA,"<a href=""http://twitter.com"" rel=""nofollow"">Twitter Web Client</a>",PSTClub1,0,FALSE,FALSE,NA,NA
106,"<ed><U+00A0><U+00BD><ed><U+00B2><U+00A5>WOW<ed><U+00A0><U+00BD><ed><U+00B2><U+00A5> The allergy test kits are rolling in Grab theses $ARYC cheap share before its to late! 
#pennystocks $coho… https://t.co/d2glhE4tIT",FALSE,1,NA,5/25/2018 22:18,TRUE,NA,1.00014E+18,NA,"<a href=""http://www.facebook.com/twitter"" rel=""nofollow"">Facebook</a>",PSTClub1,0,FALSE,FALSE,NA,NA
107,"<ed><U+00A0><U+00BD><ed><U+00B2><U+00A5>WOW<ed><U+00A0><U+00BD><ed><U+00B2><U+00A5> The allergy test kits are rolling in Grab theses $ARYC cheap share before its to late! 
#pennystocks $coho… https://t.co/vMFPk4ZCFl",FALSE,1,NA,5/25/2018 22:18,TRUE,NA,1.00014E+18,NA,"<a href=""http://twitter.com"" rel=""nofollow"">Twitter Web Client</a>",PSTClub1,0,FALSE,FALSE,NA,NA
108,"<ed><U+00A0><U+00BD><ed><U+00B2><U+00A5>WOW<ed><U+00A0><U+00BD><ed><U+00B2><U+00A5> The allergy test kits are rolling in Grab theses $ARYC cheap share before its to late! 
#pennystocks $coho… https://t.co/HH5qpeVb62",FALSE,1,NA,5/25/2018 22:15,TRUE,NA,1.00014E+18,NA,"<a href=""http://www.facebook.com/twitter"" rel=""nofollow"">Facebook</a>",PSTClub1,0,FALSE,FALSE,NA,NA
109,"<ed><U+00A0><U+00BD><ed><U+00B2><U+00A5>WOW<ed><U+00A0><U+00BD><ed><U+00B2><U+00A5> The allergy test kits are rolling in Grab theses $ARYC cheap share before its to late! 
#pennystocks $coho… https://t.co/1xrzbqhfsw",FALSE,1,NA,5/25/2018 22:15,TRUE,NA,1.00014E+18,NA,"<a href=""http://twitter.com"" rel=""nofollow"">Twitter Web Client</a>",PSTClub1,0,FALSE,FALSE,NA,NA
110,"<ed><U+00A0><U+00BD><ed><U+00B2><U+00A5>WOW<ed><U+00A0><U+00BD><ed><U+00B2><U+00A5> Grab theses cheap share of $ARYC before its to late! You wont regret it <ed><U+00A0><U+00BD><ed><U+00B2><U+00A5>
#pennystocks $coho $appl $JBZY… https://t.co/IvpMLBrUlO",FALSE,2,NA,5/25/2018 22:14,TRUE,NA,1.00014E+18,NA,"<a href=""http://www.facebook.com/twitter"" rel=""nofollow"">Facebook</a>",PSTClub1,1,FALSE,FALSE,NA,NA
111,"<ed><U+00A0><U+00BD><ed><U+00B2><U+00A5>WOW<ed><U+00A0><U+00BD><ed><U+00B2><U+00A5> Grab theses cheap share of $ARYC before its to late! You wont regret it <ed><U+00A0><U+00BD><ed><U+00B2><U+00A5>
#pennystocks $coho $appl $JBZY… https://t.co/yvz5MZM0cF",FALSE,3,NA,5/25/2018 22:14,TRUE,NA,1.00014E+18,NA,"<a href=""http://twitter.com"" rel=""nofollow"">Twitter Web Client</a>",PSTClub1,1,FALSE,FALSE,NA,NA
112,"<ed><U+00A0><U+00BD><ed><U+00B2><U+00A5>WOW<ed><U+00A0><U+00BD><ed><U+00B2><U+00A5> The allergy test kits are rolling in Grab theses $ARYC cheap share before its to late! 
#pennystocks $coho… https://t.co/qYFxG9aM07",FALSE,3,NA,5/25/2018 22:13,TRUE,NA,1.00014E+18,NA,"<a href=""http://www.facebook.com/twitter"" rel=""nofollow"">Facebook</a>",PSTClub1,1,FALSE,FALSE,NA,NA
113,"<ed><U+00A0><U+00BD><ed><U+00B2><U+00A5>WOW<ed><U+00A0><U+00BD><ed><U+00B2><U+00A5> The allergy test kits are rolling in Grab theses $ARYC cheap share before its to late! 
#pennystocks $coho… https://t.co/kLQJhieZ3V",FALSE,1,NA,5/25/2018 22:13,TRUE,NA,1.00014E+18,NA,"<a href=""http://twitter.com"" rel=""nofollow"">Twitter Web Client</a>",PSTClub1,0,FALSE,FALSE,NA,NA
114,"Omg 15,000,000 just hit the wire $phil is beast #glxx #gildex   
$siri $kshb $appl $amzn $ldsr $mine  $andi $uita… https://t.co/spYhB1Jqso",FALSE,0,NA,5/25/2018 21:54,TRUE,NA,1.00013E+18,NA,"<a href=""https://mobile.twitter.com"" rel=""nofollow"">Twitter Lite</a>",Vipervenom1981,0,FALSE,FALSE,NA,NA
115,"41 million #glxx just sold on #etherscan $phil is going platinum before June 1st. 
$siri $kshb $appl $amzn $ldsr… https://t.co/Z4akCJLphr",FALSE,0,NA,5/25/2018 21:51,TRUE,NA,1.00013E+18,NA,"<a href=""https://mobile.twitter.com"" rel=""nofollow"">Twitter Lite</a>",Vipervenom1981,0,FALSE,FALSE,NA,NA
116,"Overview of your stocks on the #iPhone. Supports all major stock exchanges, calculate P&amp;L (incl. fees &amp; dividends).… https://t.co/uxdOA3AZyy",FALSE,0,NA,5/25/2018 21:43,TRUE,NA,1.00013E+18,NA,"<a href=""https://twitter.com/bitcommander"" rel=""nofollow"">tweetliker_bit</a>",bitcommander,0,FALSE,FALSE,NA,NA
117,"RT @Vipervenom1981: Excellent close on $bysd . Don't listen to the bashers it has massive potential. 
$siri $kshb $appl $amzn $ldsr $mine…",FALSE,0,NA,5/25/2018 21:27,FALSE,NA,1.00013E+18,NA,"<a href=""http://twitter.com/download/iphone"" rel=""nofollow"">Twitter for iPhone</a>",nickeli54,1,TRUE,FALSE,NA,NA
118,"Excellent close on $bysd . Don't listen to the bashers it has massive potential. 
$siri $kshb $appl $amzn $ldsr… https://t.co/XL7mAyo4FT",FALSE,1,NA,5/25/2018 21:09,TRUE,NA,1.00012E+18,NA,"<a href=""https://mobile.twitter.com"" rel=""nofollow"">Twitter Lite</a>",Vipervenom1981,1,FALSE,FALSE,NA,NA
119,"RT @Vipervenom1981: How long before $apru has their drink inside of Wal-Mart. I bet we hit a quarter at that point
$siri $kshb $appl $amzn…",FALSE,0,NA,5/25/2018 20:24,FALSE,NA,1.00011E+18,NA,"<a href=""http://twitter.com/download/android"" rel=""nofollow"">Twitter for Android</a>",cutter181,3,TRUE,FALSE,NA,NA
120,PepsiCo just bought bare foods. I bet #anheuserbusch is going to buy #applerush next week. $apru my shares are lock… https://t.co/scBxWcibvh,FALSE,1,NA,5/25/2018 19:51,TRUE,NA,1.0001E+18,NA,"<a href=""https://mobile.twitter.com"" rel=""nofollow"">Twitter Lite</a>",Vipervenom1981,0,FALSE,FALSE,NA,NA
121,"$aagc the real run is just starting ,,,get some 
$siri $kshb $appl $amzn $ldsr $mine  $andi $uita $s $att $medh… https://t.co/zE6wa69kZR",FALSE,0,NA,5/25/2018 19:34,TRUE,NA,1.0001E+18,NA,"<a href=""https://mobile.twitter.com"" rel=""nofollow"">Twitter Lite</a>",Vipervenom1981,0,FALSE,FALSE,NA,NA
122,"$mpxef  doing real #cannabis business. And it's only getting bigger 
$siri $kshb $appl $amzn $ldsr $mine  $andi… https://t.co/oylxT1BRrv",FALSE,1,NA,5/25/2018 19:09,TRUE,NA,1.00009E+18,NA,"<a href=""https://mobile.twitter.com"" rel=""nofollow"">Twitter Lite</a>",Vipervenom1981,0,FALSE,FALSE,NA,NA
123,"RT @Vipervenom1981: How long before $apru has their drink inside of Wal-Mart. I bet we hit a quarter at that point
$siri $kshb $appl $amzn…",FALSE,0,NA,5/25/2018 18:57,FALSE,NA,1.00009E+18,NA,"<a href=""http://twitter.com"" rel=""nofollow"">Twitter Web Client</a>",osu78OnFIre,3,TRUE,FALSE,NA,NA
124,"How long before $apru has their drink inside of Wal-Mart. I bet we hit a quarter at that point
$siri $kshb $appl… https://t.co/N8Gz37t7DV",FALSE,5,NA,5/25/2018 18:57,TRUE,NA,1.00009E+18,NA,"<a href=""https://mobile.twitter.com"" rel=""nofollow"">Twitter Lite</a>",Vipervenom1981,3,FALSE,FALSE,NA,NA
125,"Update: About 12 hours ago, a form of non-human intelligence (#AI) largely predicted a neutral-to-bullish stockmark… https://t.co/LvdcsxTBmu",FALSE,0,NA,5/25/2018 15:53,TRUE,NA,1.00004E+18,NA,"<a href=""http://twitter.com"" rel=""nofollow"">Twitter Web Client</a>",predictionmonk,0,FALSE,FALSE,NA,NA
126,$APPL  $930 B market cap   fomo baby,FALSE,0,NA,5/25/2018 14:52,FALSE,NA,1.00003E+18,NA,"<a href=""http://twitter.com"" rel=""nofollow"">Twitter Web Client</a>",CapCube,0,FALSE,FALSE,NA,NA
127,"I'm doubling down on it. $bysd could Cripple #lasvegas 
$siri $kshb $appl $amzn $ldsr $mine  $andi $uita $s $att… https://t.co/7Jt354gSlG",FALSE,0,NA,5/25/2018 14:51,TRUE,NA,1.00003E+18,NA,"<a href=""https://mobile.twitter.com"" rel=""nofollow"">Twitter Lite</a>",Vipervenom1981,0,FALSE,FALSE,NA,NA
128,"$bysd can run anytime now . We all seen it on Monday 
$siri $kshb $appl $amzn $ldsr $mine  $andi $uita $s $att… https://t.co/N7x71Jrvtx",FALSE,2,NA,5/25/2018 14:26,TRUE,NA,1.00002E+18,NA,"<a href=""https://mobile.twitter.com"" rel=""nofollow"">Twitter Lite</a>",Vipervenom1981,1,FALSE,FALSE,NA,NA
129,"RT @Vipervenom1981: $srmx should see 005 today jump on in there 
$siri $kshb $appl $amzn $ldsr $mine  $andi $uita $s $att $medh $btc $ltc $…",FALSE,0,NA,5/25/2018 14:12,FALSE,NA,1.00002E+18,NA,"<a href=""http://twitter.com/download/iphone"" rel=""nofollow"">Twitter for iPhone</a>",HudsonValuation,1,TRUE,FALSE,NA,NA
130,"This is going to be huge. $snnvf is definitely a long term hold/buy 
$siri $kshb $appl $amzn $ldsr $mine  $andi… https://t.co/r2yXJOeGMo",FALSE,0,NA,5/25/2018 14:11,TRUE,NA,1.00002E+18,NA,"<a href=""https://mobile.twitter.com"" rel=""nofollow"">Twitter Lite</a>",Vipervenom1981,0,FALSE,FALSE,NA,NA
131,"$dirv though. Cheap cheap shares same with $amfe I'm in there on this sale $rxmd 

$siri $kshb $appl $amzn $ldsr… https://t.co/gWGKWjRYwd",FALSE,1,NA,5/25/2018 14:01,TRUE,NA,1.00001E+18,NA,"<a href=""https://mobile.twitter.com"" rel=""nofollow"">Twitter Lite</a>",Vipervenom1981,0,FALSE,FALSE,NA,NA
132,"$srmx should see 005 today jump on in there 
$siri $kshb $appl $amzn $ldsr $mine  $andi $uita $s $att $medh $btc… https://t.co/0roHXer104",FALSE,1,NA,5/25/2018 13:57,TRUE,NA,1.00001E+18,NA,"<a href=""https://mobile.twitter.com"" rel=""nofollow"">Twitter Lite</a>",Vipervenom1981,1,FALSE,FALSE,NA,NA
133,RT @Vipervenom1981: I don't even have to post about $aagc . It's going ballistic all on its own. $siri $kshb $appl $amzn $ldsr $mine  $andi…,FALSE,0,NA,5/25/2018 13:56,FALSE,NA,1.00001E+18,NA,"<a href=""http://twitter.com"" rel=""nofollow"">Twitter Web Client</a>",Jordan_Thorburn,2,TRUE,FALSE,NA,NA
134,RT @Vipervenom1981: I don't even have to post about $aagc . It's going ballistic all on its own. $siri $kshb $appl $amzn $ldsr $mine  $andi…,FALSE,0,NA,5/25/2018 13:56,FALSE,NA,1.00001E+18,NA,"<a href=""http://twitter.com/download/iphone"" rel=""nofollow"">Twitter for iPhone</a>",x0FFx0E4,2,TRUE,FALSE,NA,NA
135,I don't even have to post about $aagc . It's going ballistic all on its own. $siri $kshb $appl $amzn $ldsr $mine… https://t.co/7izU3c5Igg,FALSE,3,NA,5/25/2018 13:55,TRUE,NA,1.00001E+18,NA,"<a href=""https://mobile.twitter.com"" rel=""nofollow"">Twitter Lite</a>",Vipervenom1981,2,FALSE,FALSE,NA,NA
136,"RT @Vipervenom1981: $apru , don't get caught with out shares if the news drops today 
$siri $kshb $appl $amzn $ldsr $mine  $andi $uita $s $…",FALSE,0,NA,5/25/2018 13:53,FALSE,NA,1.00001E+18,NA,"<a href=""http://twitter.com"" rel=""nofollow"">Twitter Web Client</a>",osu78OnFIre,1,TRUE,FALSE,NA,NA
137,"$apru , don't get caught with out shares if the news drops today 
$siri $kshb $appl $amzn $ldsr $mine  $andi $uita… https://t.co/njGJLfgyoq",FALSE,1,NA,5/25/2018 13:52,TRUE,NA,1.00001E+18,NA,"<a href=""https://mobile.twitter.com"" rel=""nofollow"">Twitter Lite</a>",Vipervenom1981,1,FALSE,FALSE,NA,NA
138,"Uncle $phil I feel you coming. I feel you coming baby
$siri $kshb $appl $amzn $ldsr $mine  $andi $uita $s $att… https://t.co/aolw2QIuqk",FALSE,0,NA,5/25/2018 13:51,TRUE,NA,1.00001E+18,NA,"<a href=""https://mobile.twitter.com"" rel=""nofollow"">Twitter Lite</a>",Vipervenom1981,0,FALSE,FALSE,NA,NA
139,"In early-morning options action, equity names among the top 10 most actives include: $BAC, $MU, $APPL
https://t.co/wyfH3UcCAS",FALSE,1,NA,5/25/2018 13:34,FALSE,NA,1.00001E+18,NA,"<a href=""http://twitter.com"" rel=""nofollow"">Twitter Web Client</a>",RandyAFrederick,0,FALSE,FALSE,NA,NA
140,"Stocks making pre-market moves on FRIDAY: $VTGN $CPE $FL $NAK $CHK $HIBB $CHCI $AKER $MTP $QUIK $GPS $APPL $AMZN

W… https://t.co/AQalEbmjpa",FALSE,2,NA,5/25/2018 12:40,TRUE,NA,9.99994E+17,NA,"<a href=""http://twitter.com"" rel=""nofollow"">Twitter Web Client</a>",TradeAlertsEDU,0,FALSE,FALSE,NA,NA
141,"RT @bitcommander: Overview of your stocks on the #iPhone. Supports all major stock exchanges, calculate P&amp;L (incl. fees &amp; dividends).
#FTSE…",FALSE,0,NA,5/25/2018 5:36,FALSE,NA,9.99887E+17,NA,"<a href=""https://www.tacticalturtles.net/"" rel=""nofollow"">Turtle Retweet Bot</a>",TTurtles_RTs,3,TRUE,FALSE,NA,NA
142,"RT @bitcommander: Overview of your stocks on the #iPhone. Supports all major stock exchanges, calculate P&amp;L (incl. fees &amp; dividends).
#FTSE…",FALSE,0,NA,5/25/2018 5:34,FALSE,NA,9.99887E+17,NA,"<a href=""http://twitter.com"" rel=""nofollow"">anpaus-twitter-bot</a>",pawelterlecki,3,TRUE,FALSE,NA,NA
143,"RT @bitcommander: Overview of your stocks on the #iPhone. Supports all major stock exchanges, calculate P&amp;L (incl. fees &amp; dividends).
#FTSE…",FALSE,0,NA,5/25/2018 5:34,FALSE,NA,9.99887E+17,NA,"<a href=""http://twitter.com/ShoutGamers"" rel=""nofollow"">Team ShoutGamers</a>",ShoutGamers,3,TRUE,FALSE,NA,NA
144,"Overview of your stocks on the #iPhone. Supports all major stock exchanges, calculate P&amp;L (incl. fees &amp; dividends).… https://t.co/Kkk27lawxO",FALSE,6,NA,5/25/2018 5:34,TRUE,NA,9.99887E+17,NA,"<a href=""https://twitter.com/bitcommander"" rel=""nofollow"">tweetliker_bit</a>",bitcommander,3,FALSE,FALSE,NA,NA
145,$appl And they just won a lawsuit against Samsung for $539 million. Calls may be on the menu early tomorrow,FALSE,0,NA,5/25/2018 3:49,FALSE,NA,9.9986E+17,NA,"<a href=""http://twitter.com/download/iphone"" rel=""nofollow"">Twitter for iPhone</a>",optionsearnings,0,FALSE,FALSE,NA,NA
146,"price prediction ($QQQ) for Friday (May 25, 2018)

I built an #AI-lite model to predict the daily prices of the… https://t.co/htXWldBCMK",FALSE,2,NA,5/25/2018 2:58,TRUE,NA,9.99847E+17,NA,"<a href=""http://twitter.com"" rel=""nofollow"">Twitter Web Client</a>",predictionmonk,0,FALSE,FALSE,NA,NA
147,Samsung owes Apple $539M for infringing iPhone design patents https://t.co/cqc6nheFT4 via @CNET #law #apple #samsung $APPL,FALSE,0,NA,5/25/2018 2:47,FALSE,NA,9.99844E+17,NA,"<a href=""http://twitter.com/download/iphone"" rel=""nofollow"">Twitter for iPhone</a>",CliffordWolff,0,FALSE,FALSE,NA,NA
148,If you don’t follow @ClayTrader25 your probably not getting scammed enough in life Take a chance get scammed no har… https://t.co/KyVtjuiKbh,FALSE,5,NA,5/25/2018 2:08,TRUE,NA,9.99835E+17,NA,"<a href=""https://mobile.twitter.com"" rel=""nofollow"">Twitter Lite</a>",SimTykes,0,FALSE,FALSE,NA,NA
149,"There’s A Free Stock Waiting For You!

Trade Stocks, Options, and Cryptocurrencies with NO fees, commissions, or su… https://t.co/XGHZtF8K5e",FALSE,0,NA,5/25/2018 2:00,TRUE,NA,9.99832E+17,NA,"<a href=""https://sqlforge.us/"" rel=""nofollow"">greatnlife</a>",greatnlife,0,FALSE,FALSE,NA,NA
150,"FAILURE,MOSTLY: our #AI-based prediction for the high was highly accurate - but we missed on the open, low, and clo… https://t.co/1ZzGIJEhgB",FALSE,1,NA,5/25/2018 1:36,TRUE,NA,9.99827E+17,NA,"<a href=""http://twitter.com"" rel=""nofollow"">Twitter Web Client</a>",predictionmonk,0,FALSE,FALSE,NA,NA
151,@jonfortt Is this was $appl the <ed><U+00A0><U+00BD><ed><U+00B2><U+00A9>would hit the fan.  @CNBC would devote hours to it tomorrow and supply chain jocke… https://t.co/Yo0c5DA2hQ,FALSE,0,jonfortt,5/25/2018 0:06,TRUE,9.99797E+17,9.99804E+17,26819104,"<a href=""http://twitter.com/download/iphone"" rel=""nofollow"">Twitter for iPhone</a>",BeltwayGreg,0,FALSE,FALSE,NA,NA
152,"$APPL is set at good buy point with upgrades..

https://t.co/V0gs05iHn0
U.S. jury awards Apple $539 million in Samsung patent retrial",FALSE,1,NA,5/24/2018 23:54,FALSE,NA,9.99801E+17,NA,"<a href=""http://twitter.com/download/android"" rel=""nofollow"">Twitter for Android</a>",Commonsense1926,0,FALSE,FALSE,NA,NA
153,Is #RedNoseDay some Rudolf celebration bcuz Christmas ain’t until December #Girlfriend $BYOC $CELZ $AXXa $Goog $fb $twtr $appl,FALSE,0,NA,5/24/2018 21:51,FALSE,NA,9.9977E+17,NA,"<a href=""https://mobile.twitter.com"" rel=""nofollow"">Twitter Lite</a>",SimTykes,0,FALSE,FALSE,NA,NA
154,@VentureBeat @horwitz Good. Samsung had been copying and pasting for a while. Now that that's out of the way. Can t… https://t.co/cS0QfG2Bce,FALSE,1,VentureBeat,5/24/2018 21:45,TRUE,9.99767E+17,9.99768E+17,60642052,"<a href=""http://twitter.com"" rel=""nofollow"">Twitter Web Client</a>",omara341,0,FALSE,FALSE,NA,NA
155,@passthebeano @RichardKeppler1 Foxconn making cars will be super interesting! Will be more trouble for existing ICE… https://t.co/3Q5sKc8zs3,FALSE,0,passthebeano,5/24/2018 17:48,TRUE,9.99708E+17,9.99709E+17,2693713662,"<a href=""http://twitter.com/download/iphone"" rel=""nofollow"">Twitter for iPhone</a>",SalilFadnavis,0,FALSE,FALSE,NA,NA
156,"Come on, the world &amp; stock market are better off w/ #Trump NOT going to #NorthKoreaSummit. No way he wouldn’t make… https://t.co/8peY8Ev2VR",FALSE,0,NA,5/24/2018 16:31,TRUE,NA,9.99689E+17,NA,"<a href=""http://twitter.com/#!/download/ipad"" rel=""nofollow"">Twitter for iPad</a>",daesr1,0,FALSE,FALSE,NA,NA
157,"Update: the market so far has respected the high, and missed the open and low. We had an exogenous event that seeme… https://t.co/j0IvA2Qb5e",FALSE,1,NA,5/24/2018 16:31,TRUE,NA,9.99689E+17,NA,"<a href=""http://twitter.com"" rel=""nofollow"">Twitter Web Client</a>",predictionmonk,0,FALSE,FALSE,NA,NA
158,"RT @arandomwalknews: Smart Speaker Market Heating Up $AMZN $GOOGL $GOOG $APPL $BABA
https://t.co/dKVPgqpggc",FALSE,0,NA,5/24/2018 16:25,FALSE,NA,9.99688E+17,NA,"<a href=""http://twitter.com"" rel=""nofollow"">Twitter Web Client</a>",arandomwalknews,1,TRUE,FALSE,NA,NA
159,"I know that's right $amfe $dirv strong. 
$siri $kshb $appl $amzn $ldsr $mine  $andi $uita $s $att $medh $btc $ltc… https://t.co/CY7d9Y98IS",FALSE,0,NA,5/24/2018 13:28,TRUE,NA,9.99643E+17,NA,"<a href=""https://mobile.twitter.com"" rel=""nofollow"">Twitter Lite</a>",Vipervenom1981,0,FALSE,FALSE,NA,NA
160,RT @KarinaCaddel: #ArtificialIntelligence #AI #Automation #MachineLearning #DeepLearning #BigData #NLP #IoT #Robotics #Robots #NanoTechnolo…,FALSE,0,NA,5/24/2018 13:21,FALSE,NA,9.99642E+17,NA,"<a href=""http://twitter.com/#!/download/ipad"" rel=""nofollow"">Twitter for iPad</a>",SladeGrantham,5,TRUE,FALSE,NA,NA
161,Buy buy buy $APPL https://t.co/XKa83nV76u,FALSE,0,NA,5/24/2018 12:43,FALSE,NA,9.99632E+17,NA,"<a href=""http://twitter.com/download/iphone"" rel=""nofollow"">Twitter for iPhone</a>",FahadAlhbi,0,FALSE,FALSE,NA,NA
162,I hate to say it but #China censorship of #$GOOG Maps made me revisit $APPL Maps for the first time since they bomb… https://t.co/mClTYKmQ0a,FALSE,1,NA,5/24/2018 8:45,TRUE,NA,9.99572E+17,NA,"<a href=""http://twitter.com/download/iphone"" rel=""nofollow"">Twitter for iPhone</a>",garysballs,0,FALSE,FALSE,NA,NA
163,"Omg another 1,500,000 hit just came in on #etherscan uncle  $phil is doing the damn thing #glxx 
$siri $kshb $appl… https://t.co/2BN4pHwy8w",FALSE,4,NA,5/24/2018 5:44,TRUE,NA,9.99526E+17,NA,"<a href=""https://mobile.twitter.com"" rel=""nofollow"">Twitter Lite</a>",Vipervenom1981,0,FALSE,FALSE,NA,NA
164,"price prediction ($QQQ) for Thursday (May 24, 2018)

I built an #AI-lite model to predict the daily prices of the… https://t.co/gNH9HJ6NEE",FALSE,2,NA,5/24/2018 2:43,TRUE,NA,9.99481E+17,NA,"<a href=""http://twitter.com"" rel=""nofollow"">Twitter Web Client</a>",predictionmonk,0,FALSE,FALSE,NA,NA
165,"SUCCESS,COMPLETE: Today the market behaved in accordance with all 4 interval predictions - open, high, low, and clo… https://t.co/u4OgjIyTHk",FALSE,2,NA,5/23/2018 23:00,TRUE,NA,9.99425E+17,NA,"<a href=""http://twitter.com"" rel=""nofollow"">Twitter Web Client</a>",predictionmonk,0,FALSE,FALSE,NA,NA
166,"Smart Speaker Market Heating Up $AMZN $GOOGL $GOOG $APPL $BABA
https://t.co/dKVPgqpggc",FALSE,0,NA,5/23/2018 20:42,FALSE,NA,9.9939E+17,NA,"<a href=""http://twitter.com"" rel=""nofollow"">Twitter Web Client</a>",arandomwalknews,1,FALSE,FALSE,NA,NA
167,"My best life is being able to rewind the last 25 years, but keep the knowledge I have now....that and my 1000 share… https://t.co/QnNBxwY5X8",FALSE,0,NA,5/23/2018 20:09,TRUE,NA,9.99382E+17,NA,"<a href=""http://twitter.com"" rel=""nofollow"">Twitter Web Client</a>",peglegwisdom,0,FALSE,FALSE,NA,NA
168,"RT @Vipervenom1981: I might be part of the millionaire club soon $aagc baby beast mode 
$siri $kshb $appl $amzn $ldsr $mine  $andi $uita $s…",FALSE,0,NA,5/23/2018 18:05,FALSE,NA,9.99351E+17,NA,"<a href=""http://twitter.com/download/iphone"" rel=""nofollow"">Twitter for iPhone</a>",x0FFx0E4,1,TRUE,FALSE,NA,NA
169,"I might be part of the millionaire club soon $aagc baby beast mode 
$siri $kshb $appl $amzn $ldsr $mine  $andi… https://t.co/a5BJwpeb6J",FALSE,3,NA,5/23/2018 17:47,TRUE,NA,9.99346E+17,NA,"<a href=""https://mobile.twitter.com"" rel=""nofollow"">Twitter Lite</a>",Vipervenom1981,1,FALSE,FALSE,NA,NA
170,"Update: When an #AI predicts a neutral #stockmarket on Wednesday, should you listen?

(See last night's tweet below… https://t.co/zhzO5WhFbk",FALSE,1,NA,5/23/2018 17:17,TRUE,NA,9.99339E+17,NA,"<a href=""http://twitter.com"" rel=""nofollow"">Twitter Web Client</a>",predictionmonk,0,FALSE,FALSE,NA,NA
171,"For ever 2 shares of $phil you have on may 31 you get ,1 free #apr share . Said to list on the #nasdaq .....$siri… https://t.co/a9R7bvEj9u",FALSE,2,NA,5/23/2018 16:26,TRUE,NA,9.99326E+17,NA,"<a href=""https://mobile.twitter.com"" rel=""nofollow"">Twitter Lite</a>",Vipervenom1981,0,FALSE,FALSE,NA,NA
172,#cannabis will see a major boom once this is signed time to load up on $scna $snnvf $mpxef $apru and definitely… https://t.co/bPPwBxlkZ4,FALSE,1,NA,5/23/2018 16:11,TRUE,NA,9.99322E+17,NA,"<a href=""https://mobile.twitter.com"" rel=""nofollow"">Twitter Lite</a>",Vipervenom1981,0,FALSE,FALSE,NA,NA
173,"$phil I've been calling this one hope you all listen when $Phil has a hit on #etherscan for #gildx  it is over 10,0… https://t.co/D1itRpgCgC",FALSE,1,NA,5/23/2018 15:53,TRUE,NA,9.99317E+17,NA,"<a href=""https://mobile.twitter.com"" rel=""nofollow"">Twitter Lite</a>",Vipervenom1981,0,FALSE,FALSE,NA,NA
174,$csrh I'm telling you all legalized  sports betting will cripple #lasvegas the $$$$ is coming here. $siri $kshb… https://t.co/feKlDHNcwd,FALSE,1,NA,5/23/2018 15:43,TRUE,NA,9.99315E+17,NA,"<a href=""https://mobile.twitter.com"" rel=""nofollow"">Twitter Lite</a>",Vipervenom1981,0,FALSE,FALSE,NA,NA
175,"I firmly believe in this $rxmd and the #pillpack machine is going platinum
$siri $kshb $appl $amzn $ldsr $mine… https://t.co/YGJG4deveu",FALSE,2,NA,5/23/2018 15:22,TRUE,NA,9.9931E+17,NA,"<a href=""https://mobile.twitter.com"" rel=""nofollow"">Twitter Lite</a>",Vipervenom1981,0,FALSE,FALSE,NA,NA
176,"$apru should gap up . so much going on for them 
$siri $kshb $appl $amzn $ldsr $mine  $andi $uita $s $att $medh… https://t.co/nKxyo9odsB",FALSE,2,NA,5/23/2018 7:31,TRUE,NA,9.99191E+17,NA,"<a href=""https://mobile.twitter.com"" rel=""nofollow"">Twitter Lite</a>",Vipervenom1981,0,FALSE,FALSE,NA,NA
177,"$phil is killing it on #etherscan another big hit for #glxx #gildex 
$siri $kshb $appl $amzn $ldsr $mine  $andi… https://t.co/fp24vtqWYV",FALSE,2,NA,5/23/2018 7:30,TRUE,NA,9.99191E+17,NA,"<a href=""https://mobile.twitter.com"" rel=""nofollow"">Twitter Lite</a>",Vipervenom1981,0,FALSE,FALSE,NA,NA
178,"price prediction ($QQQ) for Wednesday (May 23, 2018)

I built an #AI model to predict the daily prices of the $QQQ… https://t.co/GmL9qw1muU",FALSE,1,NA,5/23/2018 1:19,TRUE,NA,9.99097E+17,NA,"<a href=""http://twitter.com"" rel=""nofollow"">Twitter Web Client</a>",predictionmonk,0,FALSE,FALSE,NA,NA
179,RT @GerberKawasaki: @axios media trends including yours truly. Talking the money grab for entertainment talent in Hollywood. $appl $nflx $a…,FALSE,0,NA,5/22/2018 23:10,FALSE,NA,9.99065E+17,NA,"<a href=""http://twitter.com/download/iphone"" rel=""nofollow"">Twitter for iPhone</a>",hatemdhiab,1,TRUE,FALSE,NA,NA
180,@axios media trends including yours truly. Talking the money grab for entertainment talent in Hollywood. $appl… https://t.co/pn5Jug1mCm,FALSE,0,axios,5/22/2018 23:09,TRUE,NA,9.99065E+17,8.00707E+17,"<a href=""http://twitter.com/download/iphone"" rel=""nofollow"">Twitter for iPhone</a>",GerberKawasaki,1,FALSE,FALSE,NA,NA
181,RT @predictionmonk: I built an #AI-lite model to predict the daily prices of the #Nasdaq-100 ($QQQ). Regular predictions are offered as a p…,FALSE,0,NA,5/22/2018 23:05,FALSE,NA,9.99064E+17,NA,"<a href=""http://twitter.com/download/iphone"" rel=""nofollow"">Twitter for iPhone</a>",cpowerfitness,1,TRUE,FALSE,NA,NA
182,"Our #AI-based prediction for tomorrow's #StockMarket will be posted in about 3 hours or so. Yes, you eastcoasters w… https://t.co/o5O7yXfcgL",FALSE,0,NA,5/22/2018 22:12,TRUE,NA,9.99051E+17,NA,"<a href=""http://twitter.com"" rel=""nofollow"">Twitter Web Client</a>",predictionmonk,0,FALSE,FALSE,NA,NA
183,$dirv the news will sink in and this should zoom $siri $kshb $appl $amzn $ldsr $mine  $andi $uita $s $att $medh… https://t.co/FOLCLRlwaG,FALSE,1,NA,5/22/2018 19:16,TRUE,NA,9.99006E+17,NA,"<a href=""https://mobile.twitter.com"" rel=""nofollow"">Twitter Lite</a>",Vipervenom1981,0,FALSE,FALSE,NA,NA
184,RT @syberstock: @SwingTraderstoc Agreed NNRX bring on the news and let's see the new #brokerage direction terms this #merger of an establis…,FALSE,0,NA,5/22/2018 18:49,FALSE,NA,9.98999E+17,NA,"<a href=""https://www.google.ca/?gws_rd=ssl#q=build a twitter bot"" rel=""nofollow"">twitterbot2017abc</a>",Barry69104159,1,TRUE,FALSE,NA,NA
185,"RT @Vipervenom1981: Confirmed my last tweet on $apru thanks Tony . Wow $mjna 
$siri $kshb $appl $amzn $ldsr $mine  $andi $uita $s $att $med…",FALSE,0,NA,5/22/2018 18:30,FALSE,NA,9.98995E+17,NA,"<a href=""http://twitter.com"" rel=""nofollow"">Twitter Web Client</a>",Lowcountry6SC,1,TRUE,FALSE,NA,NA
186,"Don't sleep on $aagc $gmgi $bysd . Known runners , live action baby. 
$siri $kshb $appl $amzn $ldsr $mine  $andi… https://t.co/L1AhqDHLx9",FALSE,1,NA,5/22/2018 18:30,TRUE,NA,9.98995E+17,NA,"<a href=""https://mobile.twitter.com"" rel=""nofollow"">Twitter Lite</a>",Vipervenom1981,0,FALSE,FALSE,NA,NA
187,"Confirmed my last tweet on $apru thanks Tony . Wow $mjna 
$siri $kshb $appl $amzn $ldsr $mine  $andi $uita $s $att… https://t.co/Zowv9Avcen",FALSE,1,NA,5/22/2018 18:10,TRUE,NA,9.9899E+17,NA,"<a href=""https://mobile.twitter.com"" rel=""nofollow"">Twitter Lite</a>",Vipervenom1981,1,FALSE,FALSE,NA,NA
188,@SwingTraderstoc Agreed NNRX bring on the news and let's see the new #brokerage direction terms this #merger of an… https://t.co/1doGkTTbPp,FALSE,0,SwingTraderstoc,5/22/2018 18:01,TRUE,9.98982E+17,9.98987E+17,9.10525E+17,"<a href=""https://mobile.twitter.com"" rel=""nofollow"">Twitter Lite</a>",syberstock,1,FALSE,FALSE,NA,NA
189,The bashers are out in full force on $srmx . That usually only mesns one thing. $siri $kshb $appl $amzn $ldsr $mine… https://t.co/tx89v19rwT,FALSE,1,NA,5/22/2018 17:53,TRUE,NA,9.98985E+17,NA,"<a href=""https://mobile.twitter.com"" rel=""nofollow"">Twitter Lite</a>",Vipervenom1981,0,FALSE,FALSE,NA,NA
190,I built an #AI-lite model to predict the daily prices of the #Nasdaq-100 ($QQQ). Regular predictions are offered as… https://t.co/8jfhPt749m,FALSE,3,NA,5/22/2018 17:23,TRUE,NA,9.98978E+17,NA,"<a href=""http://twitter.com"" rel=""nofollow"">Twitter Web Client</a>",predictionmonk,1,FALSE,FALSE,NA,NA
191,"$rxmd  is a real company with real revenue
$siri $kshb $appl $amzn $ldsr $mine  $andi $uita $s $att $medh $btc $ltc… https://t.co/6wX0u5JWkH",FALSE,0,NA,5/22/2018 16:14,TRUE,NA,9.9896E+17,NA,"<a href=""https://mobile.twitter.com"" rel=""nofollow"">Twitter Lite</a>",Vipervenom1981,0,FALSE,FALSE,NA,NA
192,BJpimen  is a genius . You better get in here $aagc copper bound $siri $kshb $appl $amzn $ldsr $mine  $andi $uita… https://t.co/xjQdxsjx6J,FALSE,0,NA,5/22/2018 14:42,TRUE,NA,9.98937E+17,NA,"<a href=""https://mobile.twitter.com"" rel=""nofollow"">Twitter Lite</a>",Vipervenom1981,0,FALSE,FALSE,NA,NA
193,"@ashishnagi_ In this way, the real risk is to Visa, MasterCard &amp; AMEX. Throw in traditional banks as well.

$SQ,… https://t.co/nLBjRSGmry",FALSE,2,freshfortune,5/22/2018 14:42,TRUE,9.98936E+17,9.98937E+17,21338172,"<a href=""http://twitter.com/download/iphone"" rel=""nofollow"">Twitter for iPhone</a>",freshfortune,0,FALSE,FALSE,NA,NA
194,"I will hold $dirv and add the dips thanks, for the cheapies 
$siri $kshb $appl $amzn $ldsr $mine  $andi $uita $s… https://t.co/na4sPs4oHk",FALSE,0,NA,5/22/2018 14:39,TRUE,NA,9.98936E+17,NA,"<a href=""https://mobile.twitter.com"" rel=""nofollow"">Twitter Lite</a>",Vipervenom1981,0,FALSE,FALSE,NA,NA
195,"RT @Vipervenom1981: I couldn't have said it better myself $apru 
$siri $kshb $appl $amzn $ldsr $mine  $andi $uita $s $att $medh $btc $ltc $…",FALSE,0,NA,5/22/2018 14:28,FALSE,NA,9.98934E+17,NA,"<a href=""http://twitter.com"" rel=""nofollow"">Twitter Web Client</a>",osu78OnFIre,1,TRUE,FALSE,NA,NA
196,"I couldn't have said it better myself $apru 
$siri $kshb $appl $amzn $ldsr $mine  $andi $uita $s $att $medh $btc… https://t.co/1pLHf1NsLZ",FALSE,1,NA,5/22/2018 14:19,TRUE,NA,9.98931E+17,NA,"<a href=""https://mobile.twitter.com"" rel=""nofollow"">Twitter Lite</a>",Vipervenom1981,1,FALSE,FALSE,NA,NA
197,"$aagc we are holding to copper and beyond $aagc .
$siri $kshb $appl $amzn $ldsr $mine  $andi $uita $s $att $medh… https://t.co/bhdozWFRhI",FALSE,0,NA,5/22/2018 14:16,TRUE,NA,9.98931E+17,NA,"<a href=""https://mobile.twitter.com"" rel=""nofollow"">Twitter Lite</a>",Vipervenom1981,0,FALSE,FALSE,NA,NA
198,"@GerberKawasaki When the IPhone 1 was released, $APPL was reporting EPS of $0.65, and a PE of 26.  How does $TSLA compare...",FALSE,2,GerberKawasaki,5/22/2018 13:50,FALSE,9.98913E+17,9.98924E+17,349249475,"<a href=""http://twitter.com/download/iphone"" rel=""nofollow"">Twitter for iPhone</a>",Iona1991,0,FALSE,FALSE,NA,NA
199,RT @maratteo: $APPL https://t.co/UdCcuEO6cn,FALSE,0,NA,5/22/2018 13:44,FALSE,NA,9.98922E+17,NA,"<a href=""http://twitter.com/download/android"" rel=""nofollow"">Twitter for Android</a>",CentralTVFR,2,TRUE,FALSE,NA,NA
200,"Could this run higher , I think so 
$gmgi
$siri $kshb $appl $amzn $ldsr $mine  $andi $uita $s $att $medh $btc $ltc… https://t.co/TCQARimwW3",FALSE,0,NA,5/22/2018 13:26,TRUE,NA,9.98918E+17,NA,"<a href=""https://mobile.twitter.com"" rel=""nofollow"">Twitter Lite</a>",Vipervenom1981,0,FALSE,FALSE,NA,NA
201,"I've seen this run to .008 $srmx 
$siri $kshb $appl $amzn $ldsr $mine  $andi $uita $s $att $medh $btc $ltc $vtvt… https://t.co/VQ0aib2t1n",FALSE,0,NA,5/22/2018 13:23,TRUE,NA,9.98917E+17,NA,"<a href=""https://mobile.twitter.com"" rel=""nofollow"">Twitter Lite</a>",Vipervenom1981,0,FALSE,FALSE,NA,NA
202,Check out ELEGANT!  - Lavender VERA #WANG Slingback - GET IT NOW  #VeraWang #Shoes #RoyalWedding $M $IBM $CNET… https://t.co/74LNDeHT2T,FALSE,0,NA,5/22/2018 11:05,TRUE,NA,9.98883E+17,NA,"<a href=""http://twitter.com"" rel=""nofollow"">Twitter Web Client</a>",NelliesTrove,0,FALSE,FALSE,NA,NA
203,"$scna is a sleeping giant. Sooner or later this will smash out to new highs 
$siri $kshb $appl $amzn $ldsr $mine… https://t.co/AXX8HnC2B4",FALSE,0,NA,5/22/2018 7:18,TRUE,NA,9.98825E+17,NA,"<a href=""https://mobile.twitter.com"" rel=""nofollow"">Twitter Lite</a>",Vipervenom1981,0,FALSE,FALSE,NA,NA
204,"Google Tips Its Hand On Its Autonomous Vehicle Strategy, And It Will Be Big...
https://t.co/kOPJ9F5dsP $GOOG, $AAPL… https://t.co/CwZG31JGMa",FALSE,0,NA,5/21/2018 23:05,TRUE,NA,9.98701E+17,NA,"<a href=""http://twitter.com/download/android"" rel=""nofollow"">Twitter for Android</a>",ELPfan,0,FALSE,FALSE,NA,NA
205,"Google Tips Its Hand On Its Autonomous Vehicle Strategy, And It Will Be Big #Google
#Alphabet #autonomouscars… https://t.co/SgcoJ9bQh4",FALSE,0,NA,5/21/2018 22:03,TRUE,NA,9.98686E+17,NA,"<a href=""http://twitter.com/download/android"" rel=""nofollow"">Twitter for Android</a>",rhiannonlives,0,FALSE,FALSE,NA,NA
206,"RT @Vipervenom1981: $aagc though . Leaving trips soon 
$siri $kshb $appl $amzn $ldsr $mine  $andi $uita $s $att $medh $btc $ltc $vtvt $nphc…",FALSE,0,NA,5/21/2018 17:38,FALSE,NA,9.98619E+17,NA,"<a href=""http://twitter.com/download/android"" rel=""nofollow"">Twitter for Android</a>",bjpimen,3,TRUE,FALSE,NA,NA
207,"Still a firm believer in $bitcf ,long to $2.00 
$siri $kshb $appl $amzn $ldsr $mine  $andi $uita $s $att $medh $btc… https://t.co/MMl9bkaj26",FALSE,1,NA,5/21/2018 17:29,TRUE,NA,9.98617E+17,NA,"<a href=""https://mobile.twitter.com"" rel=""nofollow"">Twitter Lite</a>",Vipervenom1981,0,FALSE,FALSE,NA,NA
208,"I have been calling this , owners and management are brilliant. Will dominate the #california #marijuana market… https://t.co/ZWq39qRUVb",FALSE,1,NA,5/21/2018 14:54,TRUE,NA,9.98578E+17,NA,"<a href=""https://mobile.twitter.com"" rel=""nofollow"">Twitter Lite</a>",Vipervenom1981,0,FALSE,FALSE,NA,NA
209,$hihi if anyone is in HIHI they just made a official Twitter if you want to add to keep up with news $mmex $flsr… https://t.co/AahFIfqgyJ,FALSE,2,NA,5/21/2018 14:48,TRUE,NA,9.98576E+17,NA,"<a href=""http://twitter.com/download/android"" rel=""nofollow"">Twitter for Android</a>",FontainaManuel,0,FALSE,FALSE,NA,NA
210,"In early-morning options action, equity names among the top 10 most actives include: $GE, $MU, $APPL, $BABA 
https://t.co/wyfH3UcCAS",FALSE,0,NA,5/21/2018 14:36,FALSE,NA,9.98573E+17,NA,"<a href=""http://twitter.com"" rel=""nofollow"">Twitter Web Client</a>",RandyAFrederick,1,FALSE,FALSE,NA,NA
211,"I'm on that train. $bysd 
$siri $kshb $appl $amzn $ldsr $mine  $andi $uita $s $att $medh $btc $ltc $vtvt $nphc… https://t.co/abVC3AcoZr",FALSE,1,NA,5/21/2018 13:56,TRUE,NA,9.98563E+17,NA,"<a href=""https://mobile.twitter.com"" rel=""nofollow"">Twitter Lite</a>",Vipervenom1981,0,FALSE,FALSE,NA,NA
212,"If this is true, https://t.co/Sx9YESKZhf , ill shit my pants on camera $XRP $APPL",FALSE,0,NA,5/21/2018 13:55,FALSE,NA,9.98563E+17,NA,"<a href=""http://twitter.com"" rel=""nofollow"">Twitter Web Client</a>",PoloYoung4,0,FALSE,FALSE,NA,NA
213,Compare the #equity #performance of #Apple $appl #Facebook $fb #Amazon $amzn #Microsoft $MSFT #Alphabet $GOOGL agai… https://t.co/nyQNOKv1uL,FALSE,1,NA,5/21/2018 8:04,TRUE,NA,9.98475E+17,NA,"<a href=""http://twitter.com"" rel=""nofollow"">Twitter Web Client</a>",HuteauThierry,0,FALSE,FALSE,NA,NA
214,"price prediction ($QQQ) for Monday (May 21, 2018)

I built an #AI-lite model to predict the daily prices of the… https://t.co/6KN9rgHpuN",FALSE,2,NA,5/21/2018 5:58,TRUE,NA,9.98443E+17,NA,"<a href=""http://twitter.com"" rel=""nofollow"">Twitter Web Client</a>",predictionmonk,0,FALSE,FALSE,NA,NA
215,"preview: tomorrow is looking neutral-to-bearish, with slim possibility of bullishness. Update coming within 90 minu… https://t.co/1bleta69Yc",FALSE,1,NA,5/21/2018 4:53,TRUE,NA,9.98427E+17,NA,"<a href=""http://twitter.com"" rel=""nofollow"">Twitter Web Client</a>",predictionmonk,0,FALSE,FALSE,NA,NA
216,I have so much faith in $APPL.,FALSE,0,NA,5/21/2018 4:18,FALSE,NA,9.98418E+17,NA,"<a href=""http://twitter.com/download/iphone"" rel=""nofollow"">Twitter for iPhone</a>",realmontoya_,0,FALSE,FALSE,NA,NA
217,RT @Plantandwatch: #AWE @ARealityEvent to prove #AR #VR #Enterprise ready to be $100B market next 3 -4 yrs. $KOPN will be valued for 2-5B r…,FALSE,0,NA,5/20/2018 23:08,FALSE,NA,9.9834E+17,NA,"<a href=""http://twitter.com/download/iphone"" rel=""nofollow"">Twitter for iPhone</a>",DZierler,1,TRUE,FALSE,NA,NA
218,"RT @CryptoScansAI: Trade Ideas is  giving out a FREE Trading Strategy ebook.

Written by professional traders who have experience in the ty…",FALSE,0,NA,5/20/2018 20:51,FALSE,NA,9.98305E+17,NA,"<a href=""https://mobile.twitter.com"" rel=""nofollow"">Twitter Lite</a>",sizwemkhize,1,TRUE,FALSE,NA,NA
219,"Trade Ideas is  giving out a FREE Trading Strategy ebook.

Written by professional traders who have experience in t… https://t.co/CkInBhQS7M",FALSE,0,NA,5/20/2018 19:47,TRUE,NA,9.98289E+17,NA,"<a href=""http://twitter.com"" rel=""nofollow"">Twitter Web Client</a>",CryptoScansAI,1,FALSE,FALSE,NA,NA
220,"SUCCESS,COMPLETE: (May 18, 2018) my #AI #Elixir predicted all four measures of Friday's market (open, high, low, an… https://t.co/bLQQNvLzSP",FALSE,1,NA,5/20/2018 19:15,TRUE,NA,9.98281E+17,NA,"<a href=""http://twitter.com"" rel=""nofollow"">Twitter Web Client</a>",predictionmonk,0,FALSE,FALSE,NA,NA
221,"Trade Ideas is  giving out a FREE Trading Strategy ebook.

Written by professional traders who have experience in t… https://t.co/WmVuGosOGS",FALSE,0,NA,5/20/2018 19:12,TRUE,NA,9.9828E+17,NA,"<a href=""http://twitter.com"" rel=""nofollow"">Twitter Web Client</a>",ForexTradingRm,0,FALSE,FALSE,NA,NA
222,"Overview of your stocks on the #iPhone. Supports all major stock exchanges, calculate P&amp;L (incl. fees &amp; dividends).… https://t.co/19MoEaNI4K",FALSE,0,NA,5/20/2018 18:39,TRUE,NA,9.98272E+17,NA,"<a href=""https://twitter.com/bitcommander"" rel=""nofollow"">tweetliker_bit</a>",bitcommander,0,FALSE,FALSE,NA,NA
223,"Trade Ideas is  giving out a FREE Trading Strategy ebook.

Written by professional traders who have experience in t… https://t.co/TZlN0J53yi",FALSE,1,NA,5/20/2018 18:07,TRUE,NA,9.98264E+17,NA,"<a href=""http://twitter.com"" rel=""nofollow"">Twitter Web Client</a>",mTradingCoach,0,FALSE,FALSE,NA,NA
224,"https://t.co/M5qNlTXbwC
$APPL $TSLA 

Dialog Semiconductor Receives New Orders from Apple
6:22 am, May 20, 2018",FALSE,0,NA,5/20/2018 17:53,FALSE,NA,9.9826E+17,NA,"<a href=""http://stocktwits.com"" rel=""nofollow"">StockTwits Web</a>",IgnacioRoa,0,FALSE,FALSE,NA,NA
225,"Update:
It's #SundayMorning and I AM OUT OF TWITTER JAIL!!!

#Finance #markets #stockmarket $APPL $amzn $fb $qqq… https://t.co/gnlUrRKIxW",FALSE,1,NA,5/20/2018 17:40,TRUE,NA,9.98257E+17,NA,"<a href=""http://twitter.com"" rel=""nofollow"">Twitter Web Client</a>",predictionmonk,0,FALSE,FALSE,NA,NA
226,#AWE @ARealityEvent to prove #AR #VR #Enterprise ready to be $100B market next 3 -4 yrs. $KOPN will be valued for 2… https://t.co/OCDSOMQyKM,FALSE,3,NA,5/20/2018 16:04,TRUE,NA,9.98233E+17,NA,"<a href=""http://twitter.com"" rel=""nofollow"">Twitter Web Client</a>",Plantandwatch,1,FALSE,FALSE,NA,NA
227,"$apru $gmgi $amfe $rxmd . Those 4 are going to help me retire from roofing 

$siri $kshb $appl $amzn $ldsr $mine… https://t.co/mmouAe7r3x",FALSE,4,NA,5/20/2018 15:03,TRUE,NA,9.98218E+17,NA,"<a href=""https://mobile.twitter.com"" rel=""nofollow"">Twitter Lite</a>",Vipervenom1981,0,FALSE,FALSE,NA,NA
228,"I see $apru going so much higher. 
$siri $kshb $appl $amzn $ldsr $mine  $andi $uita $s $att $medh $btc $ltc $vtvt… https://t.co/VM5iU3BGra",FALSE,2,NA,5/20/2018 14:04,TRUE,NA,9.98203E+17,NA,"<a href=""https://mobile.twitter.com"" rel=""nofollow"">Twitter Lite</a>",Vipervenom1981,0,FALSE,FALSE,NA,NA
229,I'm a believer $amfe ! Huge q3 report just released which shows 35% increase in revenue vs the 2017 q3 report .… https://t.co/L5xeTmCd8b,FALSE,1,NA,5/20/2018 13:40,TRUE,NA,9.98197E+17,NA,"<a href=""https://mobile.twitter.com"" rel=""nofollow"">Twitter Lite</a>",Vipervenom1981,0,FALSE,FALSE,NA,NA
230,RT @maratteo: $APPL https://t.co/UdCcuEO6cn,FALSE,0,NA,5/20/2018 10:23,FALSE,NA,9.98147E+17,NA,"<a href=""http://twitter.com"" rel=""nofollow"">Twitter Web Client</a>",adammessmann,2,TRUE,FALSE,NA,NA
231,"A.I. war pitches $AMZN vs $GOOGL and $APPL acc to @Forbes
https://t.co/X86Sqjvh6B
#ArtificialIntelligence… https://t.co/5FanAvuTST",FALSE,0,NA,5/19/2018 22:48,TRUE,NA,9.97972E+17,NA,"<a href=""http://twitter.com"" rel=""nofollow"">Twitter Web Client</a>",fundconsult,0,FALSE,FALSE,NA,NA
232,$APPL #trading #Apple #hold - forever https://t.co/is5pKsQrTP,FALSE,1,NA,5/19/2018 15:43,FALSE,NA,9.97865E+17,NA,"<a href=""http://twitter.com/download/iphone"" rel=""nofollow"">Twitter for iPhone</a>",MaratteoTrade,0,FALSE,FALSE,NA,NA
233,$APPL https://t.co/UdCcuEO6cn,FALSE,22,NA,5/19/2018 13:22,FALSE,NA,9.9783E+17,NA,"<a href=""http://twitter.com/download/iphone"" rel=""nofollow"">Twitter for iPhone</a>",maratteo,2,FALSE,FALSE,NA,NA
234,"@altcointoday I don’t think $ETH is $APPL - it is at best the Commodore 64 of #cryptocurrencies , whereas $DCR is a… https://t.co/lJhxbTVFRH",FALSE,0,altcointoday,5/19/2018 5:06,TRUE,9.97689E+17,9.97705E+17,2319505597,"<a href=""http://twitter.com/download/iphone"" rel=""nofollow"">Twitter for iPhone</a>",hagglecoin,0,FALSE,FALSE,NA,NA
235,$phil had a major hit on #glxx on #etherscan today. Apr spin off shares are coming to all share holders as of may 3… https://t.co/zVSEp7iElA,FALSE,0,NA,5/19/2018 4:41,TRUE,NA,9.97699E+17,NA,"<a href=""https://mobile.twitter.com"" rel=""nofollow"">Twitter Lite</a>",Vipervenom1981,0,FALSE,FALSE,NA,NA
236,RT @devin_knau: $VTXB I sincerely hope you all are doing your DD over the weekend... <ed><U+00A0><U+00BE><ed><U+00B7><U+0090>$IHSI $BVTK $KMLK $AXXA $BRKK $FUSZ $APPL $GPRO $BRNE…,FALSE,0,NA,5/19/2018 3:20,FALSE,NA,9.97678E+17,NA,"<a href=""http://twitter.com/download/android"" rel=""nofollow"">Twitter for Android</a>",Jasik,3,TRUE,FALSE,NA,NA
237,"Manage your portfolio on the iPhone. Best P&amp;L overview!
$MSFT $GE $APPL #ios #FTSE #free @Relay_RTs

https://t.co/gvX4977ffI",FALSE,0,NA,5/18/2018 22:15,FALSE,NA,9.97602E+17,NA,"<a href=""https://twitter.com/bitcommander"" rel=""nofollow"">tweetliker_bit</a>",bitcommander,0,FALSE,FALSE,NA,NA
238,"I bet $frfs news drops over the weekend. #gifa = $frfs 
$siri $kshb $appl $amzn $ldsr $mine  $andi $uita $s $att… https://t.co/T9u0BKhwdX",FALSE,1,NA,5/18/2018 18:45,TRUE,NA,9.97549E+17,NA,"<a href=""https://mobile.twitter.com"" rel=""nofollow"">Twitter Lite</a>",Vipervenom1981,0,FALSE,FALSE,NA,NA
239,"RT @Vipervenom1981: Hint hint $apru next week has some major things coming 

$siri $kshb $appl $amzn $ldsr $mine  $andi $uita $s $att $medh…",FALSE,0,NA,5/18/2018 18:25,FALSE,NA,9.97544E+17,NA,"<a href=""https://mobile.twitter.com"" rel=""nofollow"">Twitter Lite</a>",Lowcountry6SC,2,TRUE,FALSE,NA,NA
240,"RT @Vipervenom1981: I'm with you on your thoughts bro $apru baby 
$siri $kshb $appl $amzn $ldsr $mine  $andi $uita $s $att $medh $btc $ltc…",FALSE,0,NA,5/18/2018 18:25,FALSE,NA,9.97544E+17,NA,"<a href=""https://mobile.twitter.com"" rel=""nofollow"">Twitter Lite</a>",Lowcountry6SC,2,TRUE,FALSE,NA,NA
241,"RT @Vipervenom1981: I'm with you on your thoughts bro $apru baby 
$siri $kshb $appl $amzn $ldsr $mine  $andi $uita $s $att $medh $btc $ltc…",FALSE,0,NA,5/18/2018 17:56,FALSE,NA,9.97537E+17,NA,"<a href=""http://twitter.com"" rel=""nofollow"">Twitter Web Client</a>",osu78OnFIre,2,TRUE,FALSE,NA,NA
242,"I'm with you on your thoughts bro $apru baby 
$siri $kshb $appl $amzn $ldsr $mine  $andi $uita $s $att $medh $btc… https://t.co/P3ScbaPuT0",FALSE,2,NA,5/18/2018 17:52,TRUE,NA,9.97535E+17,NA,"<a href=""https://mobile.twitter.com"" rel=""nofollow"">Twitter Lite</a>",Vipervenom1981,2,FALSE,FALSE,NA,NA
243,RT @rreding1: Help Wanted- leaders with vision. A Forest #Gump moment. $CPB A #tomato is a fruit.  $APPL #Buffett is taking a liking to fru…,FALSE,0,NA,5/18/2018 17:26,FALSE,NA,9.97529E+17,NA,"<a href=""https://www.domain.com"" rel=""nofollow"">steves posts</a>",forealstevejobs,1,TRUE,FALSE,NA,NA
244,"RT @Vipervenom1981: Hint hint $apru next week has some major things coming 

$siri $kshb $appl $amzn $ldsr $mine  $andi $uita $s $att $medh…",FALSE,0,NA,5/18/2018 17:02,FALSE,NA,9.97523E+17,NA,"<a href=""http://twitter.com"" rel=""nofollow"">Twitter Web Client</a>",osu78OnFIre,2,TRUE,FALSE,NA,NA
245,"Hint hint $apru next week has some major things coming 

$siri $kshb $appl $amzn $ldsr $mine  $andi $uita $s $att… https://t.co/DboMdqznNF",FALSE,3,NA,5/18/2018 17:01,TRUE,NA,9.97523E+17,NA,"<a href=""https://mobile.twitter.com"" rel=""nofollow"">Twitter Lite</a>",Vipervenom1981,2,FALSE,FALSE,NA,NA
246,Help Wanted- leaders with vision. A Forest #Gump moment. $CPB A #tomato is a fruit.  $APPL #Buffett is taking a lik… https://t.co/Hw0Tmv9VLi,FALSE,1,NA,5/18/2018 16:35,TRUE,NA,9.97516E+17,NA,"<a href=""http://twitter.com"" rel=""nofollow"">Twitter Web Client</a>",rreding1,1,FALSE,FALSE,NA,NA
247,"I am still short biased on $TSLA <ed><U+00A0><U+00BD><ed><U+00B2><U+00B0><ed><U+00A0><U+00BD><ed><U+00B2><U+00B0> this company has more to offer ;) 

$SPY $RDVT $CARV $FCSC $WCOR $OCDGF $OPHC… https://t.co/DZzEjUqjNn",FALSE,0,NA,5/18/2018 16:29,TRUE,NA,9.97515E+17,NA,"<a href=""http://twitter.com"" rel=""nofollow"">Twitter Web Client</a>",StockMoney62,0,FALSE,FALSE,NA,NA
248,"Would $APPL be 1st trillion company, majority of analysts believe it will be. By #StockMetrix https://t.co/qldDd3vbop",FALSE,0,NA,5/18/2018 15:08,FALSE,NA,9.97494E+17,NA,"<a href=""http://twitter.com/download/iphone"" rel=""nofollow"">Twitter for iPhone</a>",sayatsmx,0,FALSE,FALSE,NA,NA
249,"Portfolio management on #iPhone.
#DowJones $APPL $GE #FTSE #app @Retweet_Lobby

https://t.co/gvX4977ffI",FALSE,0,NA,5/18/2018 12:45,FALSE,NA,9.97458E+17,NA,"<a href=""https://twitter.com/bitcommander"" rel=""nofollow"">tweetliker_bit</a>",bitcommander,0,FALSE,FALSE,NA,NA
250,"Re-posting for new followers &amp; traders....
Trade Ideas is generously giving out a FREE Trading Strategy ebook.

Wri… https://t.co/RUbU8Mi8v0",FALSE,1,NA,5/18/2018 12:42,TRUE,NA,9.97457E+17,NA,"<a href=""http://twitter.com"" rel=""nofollow"">Twitter Web Client</a>",TradeAlertsU,0,FALSE,FALSE,NA,NA
251,"There’s A Free Stock Waiting For You!

Trade Stocks, Options, and Cryptocurrencies with NO fees, commissions, or su… https://t.co/XP7BBoNAU3",FALSE,1,NA,5/18/2018 7:00,TRUE,NA,9.97371E+17,NA,"<a href=""https://sqlforge.us/"" rel=""nofollow"">greatnlife</a>",greatnlife,0,FALSE,FALSE,NA,NA
252,$BB things are looking good. Bull flag on the daily.. Ready to head higher with blue sky's above.. $APPL $GOOG… https://t.co/e6FAI1nha2,FALSE,0,NA,5/18/2018 5:29,TRUE,NA,9.97348E+17,NA,"<a href=""http://twitter.com/download/android"" rel=""nofollow"">Twitter for Android</a>",getdjmac,0,FALSE,FALSE,NA,NA
253,"price prediction ($QQQ) for Friday (May 18, 2018)

I built an #AI-lite model to predict the daily prices of the… https://t.co/xSxxmxq83Y",FALSE,1,NA,5/18/2018 3:33,TRUE,NA,9.97319E+17,NA,"<a href=""http://twitter.com"" rel=""nofollow"">Twitter Web Client</a>",predictionmonk,0,FALSE,FALSE,NA,NA
254,Our next #AI-based prediction of the #Nasdaq should be coming within 15 minutes. It contains a significant BEARISH… https://t.co/mHjcIwsnZ3,FALSE,0,NA,5/18/2018 3:20,TRUE,NA,9.97316E+17,NA,"<a href=""http://twitter.com"" rel=""nofollow"">Twitter Web Client</a>",predictionmonk,0,FALSE,FALSE,NA,NA
255,Our next #AI-based prediction of the #Nasdaq  should be coming within 1.5 hours or so. See our latest success below… https://t.co/qXt4sLecgM,FALSE,1,NA,5/18/2018 2:20,TRUE,NA,9.97301E+17,NA,"<a href=""http://twitter.com"" rel=""nofollow"">Twitter Web Client</a>",predictionmonk,0,FALSE,FALSE,NA,NA
256,"RT @predictionmonk: Our next #AI-based prediction of the #Nasdaq should be coming within 3 hours or so. See our latest success below, where…",FALSE,0,NA,5/18/2018 0:43,FALSE,NA,9.97276E+17,NA,"<a href=""http://mvilla.it/fenix"" rel=""nofollow"">Fenix 2</a>",JPM63887712,4,TRUE,FALSE,NA,NA
257,"RT @predictionmonk: Our next #AI-based prediction of the #Nasdaq should be coming within 3 hours or so. See our latest success below, where…",FALSE,0,NA,5/18/2018 0:35,FALSE,NA,9.97274E+17,NA,"<a href=""http://www.TechingCrew.com"" rel=""nofollow"">SocialCrew Crafty</a>",TriggerOfTheDay,4,TRUE,FALSE,NA,NA
258,"RT @predictionmonk: Our next #AI-based prediction of the #Nasdaq should be coming within 3 hours or so. See our latest success below, where…",FALSE,0,NA,5/18/2018 0:04,FALSE,NA,9.97267E+17,NA,"<a href=""http://twitter.com"" rel=""nofollow"">Sentiment Analysis May</a>",TopTickrs,4,TRUE,FALSE,NA,NA
259,"Our next #AI-based prediction of the #Nasdaq should be coming within 3 hours or so. See our latest success below, w… https://t.co/t0AViMzABO",FALSE,2,NA,5/18/2018 0:04,TRUE,NA,9.97267E+17,NA,"<a href=""http://twitter.com"" rel=""nofollow"">Twitter Web Client</a>",predictionmonk,4,FALSE,FALSE,NA,NA
260,"If you're not following this sleeping giant it's probably about time you should start $scna
$siri $kshb $appl $amzn… https://t.co/QDHaAwPHya",FALSE,1,NA,5/17/2018 20:47,TRUE,NA,9.97217E+17,NA,"<a href=""https://mobile.twitter.com"" rel=""nofollow"">Twitter Lite</a>",Vipervenom1981,0,FALSE,FALSE,NA,NA
261,"SUCCESS,MOSTLY: Today the $QQQ acted in line with last night's predictions for the open, high, and close. And we mi… https://t.co/EKDqlESb3o",FALSE,0,NA,5/17/2018 20:42,TRUE,NA,9.97216E+17,NA,"<a href=""http://twitter.com"" rel=""nofollow"">Twitter Web Client</a>",predictionmonk,0,FALSE,FALSE,NA,NA
262,@BreitbartNews If #NorthKorea plays their cards right they could be making $appl phones by end of the year.,FALSE,0,BreitbartNews,5/17/2018 20:36,FALSE,9.97137E+17,9.97214E+17,457984599,"<a href=""http://twitter.com/download/android"" rel=""nofollow"">Twitter for Android</a>",BoilingCrude,0,FALSE,FALSE,NA,NA
263,@Rich_Downing @mhbucklin @WellsFargo @WarrenBuffett Berkshire owns more than 5% of $APPL and he’s said he would lov… https://t.co/6qP8aohMwe,FALSE,1,Rich_Downing,5/17/2018 20:16,TRUE,9.97131E+17,9.97209E+17,25559828,"<a href=""http://twitter.com/download/iphone"" rel=""nofollow"">Twitter for iPhone</a>",pkmcelyea,0,FALSE,FALSE,NA,NA
264,"RT @stock_goodies: #AUA18 16000 attendees from 100 countries last year, how many new doctors will $CELZ sign for their cutting edge patente…",FALSE,0,NA,5/17/2018 17:42,FALSE,NA,9.97171E+17,NA,"<a href=""http://twitter.com"" rel=""nofollow"">Twitter Web Client</a>",_Stock_Slayer,5,TRUE,FALSE,NA,NA
265,"Update: the market is in line with *all* applicable predictions so far - the open, the high, and the low. We are ob… https://t.co/3ZV6sIOxei",FALSE,1,NA,5/17/2018 16:12,TRUE,NA,9.97148E+17,NA,"<a href=""http://twitter.com"" rel=""nofollow"">Twitter Web Client</a>",predictionmonk,0,FALSE,FALSE,NA,NA
